Name,,dashed_name,Org,Pos,Current Level,Top 100,Org Rk,Trend,FV,ETA,Risk,Age,Ht,Wt,B,T,Sign Yr,Sign Mkt,Sign Org,Bonus,Signed From,Video,playerId
Adley Rutschman,Adley Rutschman,Adley-Rutschman,BAL,C,A,0,1,,60,2021,,21.9972222,"6' 2""",216,S,R,2019,Draft,BAL,8100000,Oregon State,riXzQCIbfPw,sa3011643
Grayson Rodriguez,Grayson Rodriguez,Grayson-Rodriguez,BAL,RHP,A,0,2,,55,2023,,20.2194444,"6' 5""",230,L,R,2018,Draft,BAL,4300000,Central Heights HS (TX),XVnKhGydp9Y,sa3008130
DL Hall,DL Hall,DL-Hall,BAL,LHP,A+,0,3,,50,2022,,21.3777777,"6' 0""",185,L,L,2017,Draft,BAL,3000000,Valdosta HS (GA),uN2TRUVwjs4,sa3005282
Ryan Mountcastle,Ryan Mountcastle,Ryan-Mountcastle,BAL,LF,AAA,0,4,,50,2020,,22.9638888,"6' 3""",185,R,R,2015,Draft,BAL,1300000,Hagerty HS (FL),Mf-E2t1dIxo,sa874734
Matt Manning,Matt Manning,Matt-Manning,DET,RHP,AA,0,1,,60,2021,,22.0194444,"6' 6""",215,R,R,2016,Draft,DET,3505800,Sheldon HS (CA),k-sipbEctAU,sa917924
Casey Mize,Casey Mize,Casey-Mize,DET,RHP,AA,0,2,,60,2020,,22.7611111,"6' 3""",208,R,R,2018,Draft,DET,7500000,Auburn,KTLpXoKizJU,sa3008444
Royce Lewis,Royce Lewis,Royce-Lewis,MIN,CF,AA,0,1,,60,2022,,20.6666666,"6' 2""",200,R,R,2017,Draft,MIN,6725000,JSerra HS (CA),IRGoLxDpn0U,sa3004259
Joey Bart,Joey Bart,Joey-Bart,SFG,C,AA,0,1,,60,2020,,22.9,"6' 3""",235,R,R,2018,Draft,SFG,7025000,Georgia Tech,Cozg_YSvag0,sa3007786
Carter Kieboom,Carter Kieboom,Carter-Kieboom,WSN,SS,MLB,0,1,,60,2020,,22.4222222,"6' 2""",190,R,R,2016,Draft,WSN,2000000,Walton HS (GA),_-90cLZAZz4,19958
Forrest Whitley,Forrest Whitley,Forrest-Whitley,HOU,RHP,AA,0,1,,60,2020,,22.3888888,"6' 7""",225,R,R,2016,Draft,HOU,3148000,Alamo Heights HS (TX),5krfMUxyV_M,sa917930
Cristian Pache,Cristian Pache,Cristian-Pache,ATL,CF,AAA,0,1,,60,2021,,21.2,"6' 2""",185,R,R,2015,J2,ATL,1400000,Dominican Republic,ALCsGpZ1oiA,sa916722
Ronny Mauricio,Ronny Mauricio,Ronny-Mauricio,NYM,SS,A,0,1,,55,2023,,18.8361111,"6' 3""",166,S,R,2017,J2,NYM,2100000,Dominican Republic,NvOA8y_cZGI,sa3006887
Nolan Gorman,Nolan Gorman,Nolan-Gorman,STL,3B,A+,0,1,,55,2021,,19.7361111,"6' 1""",215,L,R,2018,Draft,STL,3231700,O'Connor HS (AZ),_2qk0vq7IEA,sa3007017
Dylan Carlson,Dylan Carlson,Dylan-Carlson,STL,LF,AAA,0,2,,55,2020,,21.2833333,"6' 3""",210,S,L,2016,Draft,STL,1350000,Elk Grove HS (CA),5Qo_OiBtqnA,sa917940
Brendan Rodgers,Brendan Rodgers,Brendan-Rodgers,COL,2B,MLB,0,1,,55,2020,,23.4888888,"6' 0""",180,R,R,2015,Draft,COL,5500000,Lake Mary HS (FL),8R3NqST3CPs,17907
Marco Luciano,Marco Luciano,Marco-Luciano,SFG,SS,A-,0,2,,55,2023,,18.1,"6' 2""",180,R,R,2018,J2,SFG,2600000,Dominican Republic,UrZDHmjnjrY,sa3010022
Jazz Chisholm,Jazz Chisholm,Jazz-Chisholm,MIA,SS,AA,0,1,,55,2022,,22.0111111,"5' 11""",165,L,R,2015,J2,ARI,200000,Bahamas,ir2kVOIT4mE,sa919327
Kristian Robinson,Kristian Robinson,Kristian-Robinson,ARI,CF,A,0,1,,55,2022,,19.15,"6' 3""",210,R,R,2017,J2,ARI,2550000,Bahamas,U24cWc3kkog,sa3006884
Drew Waters,Drew Waters,Drew-Waters,ATL,CF,AAA,0,2,,55,2021,,21.1,"6' 2""",183,S,R,2017,Draft,ATL,1500000,Etowah HS (GA),lNnHDBf17DI,sa3004378
Ian Anderson,Ian Anderson,Ian-Anderson,ATL,RHP,AAA,0,3,,55,2020,,21.7,"6' 3""",170,R,R,2016,Draft,ATL,4000000,Shenendowa HS (NY),tgygzB4auuw,sa917921
Andres Gimenez,Andres Gimenez,Andres-Gimenez,NYM,SS,AA,0,2,,50,2020,,21.4194444,"5' 11""",165,L,R,2015,J2,NYM,1200000,Venezuela,0daljrqAYUs,sa917114
Mark Vientos,Mark Vientos,Mark-Vientos,NYM,3B,A,0,3,,50,2022,,20.15,"6' 4""",185,R,R,2017,Draft,NYM,1500000,American Heritage HS (FL),ax1yE3rIWCs,sa3004720
Brusdar Graterol,Brusdar Graterol,Brusdar-Graterol,BOS,RHP,MLB,0,1,,50,2020,,21.4416666,"6' 1""",265,R,R,2014,J2,MIN,150000,Venezuela,5VxhHnSA2hg,20367
Triston Casas,Triston Casas,Triston-Casas,BOS,1B,A+,0,2,,50,2023,,20.0555555,"6' 4""",238,L,R,2018,Draft,BOS,2552800,American Heritage HS (FL),900T_ozI7iY,sa3007634
Matthew Liberatore,Matthew Liberatore,Matthew-Liberatore,STL,LHP,A,0,3,,50,2022,,20.2472222,"6' 5""",200,L,L,2018,Draft,TBR,3497500,Mountain Ridge HS (AZ),IayXSFEwcVU,sa3008163
Ivan Herrera,Ivan Herrera,Ivan-Herrera,STL,C,A+,0,4,,50,2023,,19.6777777,"6' 0""",190,R,R,2016,J2,STL,200000,Panama, ,sa3003191
Ryan Rolison,Ryan Rolison,Ryan-Rolison,COL,LHP,A+,0,2,,50,2021,,22.5666666,"6' 2""",195,R,L,2018,Draft,COL,2912300,Ole Miss,ayEAfzM9lDo,sa3008244
Riley Greene,Riley Greene,Riley-Greene,DET,RF,A,0,3,,50,2022,,19.3527777,"6' 3""",200,L,L,2019,Draft,DET,6180700,Hagerty HS (FL),,sa3010694
Tarik Skubal,Tarik Skubal,Tarik-Skubal,DET,LHP,AA,0,4,,50,2021,,23.2083333,"6' 3""",215,L,L,2018,Draft,DET,350000,Seattle,bcoy-xb3kJY,sa3007593
Isaac Paredes,Isaac Paredes,Isaac-Paredes,DET,3B,AA,0,5,,50,2021,,20.9638888,"5' 11""",225,R,R,2015,J2,CHC,800000,Mexico,f5iDesF-nuc,sa920275
Trevor Larnach,Trevor Larnach,Trevor-Larnach,MIN,RF,AA,0,2,,50,2021,,22.9416666,"6' 4""",223,L,R,2018,Draft,MIN,2550000,Oregon State,U7sjFBR3DkI,sa3008376
Alex Kirilloff,Alex Kirilloff,Alex-Kirilloff,MIN,1B,AA,0,3,,50,2021,,22.2388888,"6' 2""",210,L,L,2016,Draft,MIN,2817100,Plum HS (PA),l3xPPnRQA7o,sa917929
Jhoan Duran,Jhoan Duran,Jhoan-Duran,MIN,RHP,AA,0,4,,50,2020,,22.075,"6' 5""",230,R,R,2014,J2,ARI,65000,Dominican Republic,nj13l4r6Qug,sa873347
Jordan Balazovic,Jordan Balazovic,Jordan-Balazovic,MIN,RHP,AA,0,5,,50,2021,,21.3833333,"6' 4""",215,R,R,2016,Draft,MIN,515000,St. Martin HS (CAN),,sa918017
Heliot Ramos,Heliot Ramos,Heliot-Ramos,SFG,RF,AA,0,3,,50,2021,,20.2,"6' 2""",200,R,R,2017,Draft,SFG,3101700,Leadership Christian HS (PR),ytZlP4TQI48,sa3004693
Luis Garcia,Luis Garcia,Luis-Garcia,WSN,2B,AA,0,2,,50,2021,,19.7194444,"6' 0""",180,L,R,2016,J2,WSN,1300000,Dominican Republic,BfeoG30xXmo,sa962605
Sixto Sanchez,Sixto Sanchez,Sixto-Sanchez,MIA,RHP,AA,0,2,,50,2020,,21.5166666,"6' 0""",200,R,R,2014,J2,PHI,35000,Dominican Republic,OFHkPmNCPOI,sa873550
JJ Bleday,JJ Bleday,JJ-Bleday,MIA,RF,A+,0,3,,50,2021,,22.2361111,"6' 3""",205,L,L,2019,Draft,MIA,6670000,Vanderbilt,iRAJu_0OJhc,sa3011642
Edward Cabrera,Edward Cabrera,Edward-Cabrera,MIA,RHP,AA,0,4,,50,2020,,21.8111111,"6' 4""",175,R,R,2015,J2,MIA,100000,Dominican Republic,,sa920423
Jesus Sanchez,Jesus Sanchez,Jesus-Sanchez,MIA,RF,AAA,0,5,,50,2020,,22.3277777,"6' 2""",230,L,R,2014,J2,TBR,400000,Dominican Republic,_blAwKOM3jg,sa872787
Monte Harrison,Monte Harrison,Monte-Harrison,MIA,CF,AAA,0,6,,50,2020,,24.4861111,"6' 3""",220,R,R,2014,Draft,MIL,1800000,Lee's Summit West HS (MO),BW5Y0A3EeuI,sa828691
Lewin Diaz,Lewin Diaz,Lewin-Diaz,MIA,1B,AA,0,7,,50,2021,,23.2111111,"6' 4""",225,L,L,2013,J2,MIN,1400000,Dominican Republic,b6BzJGKnQbI,sa828420
Daulton Varsho,Daulton Varsho,Daulton-Varsho,ARI,C,AA,0,2,,50,2021,,23.5916666,"5' 10""",190,L,R,2017,Draft,ARI,881100,Wisconsin-Milwaukee,PRI2SxGhQ6g,sa3002838
Alek Thomas,Alek Thomas,Alek-Thomas,ARI,CF,A+,0,3,,50,2022,,19.7694444,"5' 11""",175,L,L,2018,Draft,ARI,1200000,Mount Carmel HS (IL),Bo9Wh47-Wm4,sa3006892
Geraldo Perdomo,Geraldo Perdomo,Geraldo-Perdomo,ARI,SS,A+,0,4,,50,2021,,20.2861111,"6' 3""",184,S,R,2016,J2,ARI,70000,Dominican Republic,wS1NAke5r2E,sa3003290
Liover Peguero,Liover Peguero,Liover-Peguero,ARI,SS,A-,0,5,,50,2022,,19.0972222,"6' 1""",160,R,R,2017,J2,ARI,475000,Dominican Republic,kBYfk4hzOdY,sa3005582
Corbin Carroll,Corbin Carroll,Corbin-Carroll,ARI,CF,A-,0,6,,50,2023,,19.4555555,"5' 10""",165,L,L,2019,Draft,ARI,3745500,Lakeside HS (WA),sUghxoNDJ4g,sa3010593
Jose Urquidy,Jose Urquidy,Jose-Urquidy,HOU,RHP,MLB,0,2,,50,2020,,24.7611111,"6' 0""",190,R,R,2014,J2,HOU,,Mexico,,18413
Kyle Wright,Kyle Wright,Kyle-Wright,ATL,RHP,MLB,0,4,,50,2019,,24.3,"6' 4""",200,R,R,2017,Draft,ATL,7000000,Vanderbilt,e4af0nTNiFI,19665
Bryse Wilson,Bryse Wilson,Bryse-Wilson,ATL,RHP,MLB,0,5,,50,2019,,22.1,"6' 1""",224,R,R,2016,Draft,ATL,1200000,Orange HS (NC),-W1-8t94J3M,19990
William Contreras,William Contreras,William-Contreras,ATL,C,AA,0,6,,50,2021,,22.1,"6' 0""",180,R,R,2014,J2,ATL,10000,Venezuela,6knO4tYP-LM,sa872847
Tucker Davidson,Tucker Davidson,Tucker-Davidson,ATL,LHP,AAA,0,7,,45+,2021,,23.8,"6' 2""",215,L,L,2016,Draft,ATL,125000,Midland JC (TX),ScF_t-apuls,sa918393
Brett Baty,Brett Baty,Brett-Baty,NYM,3B,A-,0,4,,45+,2022,,20.2277777,"6' 3""",210,L,R,2019,Draft,NYM,3900000,Lake Travis HS (TX),,sa3010869
Matthew Allan,Matthew Allan,Matthew-Allan,NYM,RHP,A-,0,5,,45+,2023,,18.8,"6' 3""",210,R,R,2019,Draft,NYM,2500000,Seminole HS (FL),,sa3011740
Francisco Alvarez,Francisco Alvarez,Francisco-Alvarez,NYM,C,R,0,6,,45+,2023,,18.2111111,"5' 11""",220,R,R,2018,J2,NYM,2700000,Venezuela,TG-p0lUDzpM,sa3010862
Bryan Mata,Bryan Mata,Bryan-Mata,BOS,RHP,AA,0,3,,45+,2021,,20.7555555,"6' 3""",175,R,R,2015,J2,BOS,25000,Venezuela,_xTejFK8I5g,sa917784
Zack Thompson,Zack Thompson,Zack-Thompson,STL,LHP,A+,0,5,,45+,2022,,22.2694444,"6' 2""",225,S,L,2019,Draft,STL,3000000,Kentucky,,sa3011128
Ryan Vilade,Ryan Vilade,Ryan-Vilade,COL,3B,A+,0,3,,45+,2022,,20.9638888,"6' 2""",194,R,R,2017,Draft,COL,1425400,Stillwater HS (OK),,sa3004256
Ryan Jeffers,Ryan Jeffers,Ryan-Jeffers,MIN,C,AA,0,6,,45+,2021,,22.9138888,"6' 4""",230,R,R,2018,Draft,MIN,800000,UNC Wilmington,,sa3007051
Hunter Bishop,Hunter Bishop,Hunter-Bishop,SFG,CF,A-,0,4,,45+,2023,,21.4,"6' 5""",210,L,R,2019,Draft,SFG,4740000,Arizona State,qccYljFGcVc,sa3011413
Luis Matos,Luis Matos,Luis-Matos,SFG,CF,R,0,5,,45+,2024,,17.8,"5' 11""",160,R,R,2018,J2,SFG,725000,Venezuela,,sa3008756
Trevor Rogers,Trevor Rogers,Trevor-Rogers,MIA,LHP,AA,0,8,,45+,2021,,22.2277777,"6' 6""",185,L,L,2017,Draft,MIA,3400000,Carlsbad HS (NM),EgPQVpXhSuU,sa3005423
Corbin Martin,Corbin Martin,Corbin-Martin,ARI,RHP,MLB,0,7,,45+,2021,,24.1027777,"6' 2""",200,R,R,2017,Draft,HOU,1000000,Texas A&M,,19884
J.B. Bukauskas,JB Bukauskas,JB-Bukauskas,ARI,RHP,AA,0,8,,45+,2020,,23.3166666,"6' 0""",196,R,R,2017,Draft,HOU,3600000,North Carolina,KOAoxcF0A9E,sa829263
Blake Walston,Blake Walston,Blake-Walston,ARI,LHP,A-,0,9,,45+,2024,,18.6027777,"6' 4""",175,L,L,2019,Draft,ARI,2450000,New Hanover HS (NC),en2HeqBMVS4,sa3011814
Brennan Malone,Brennan Malone,Brennan-Malone,ARI,RHP,A-,0,10,,45+,2024,,19.4083333,"6' 5""",210,R,R,2019,Draft,ARI,2202200,IMG Academy HS (FL),q2V5lLIeZys,sa3011741
Wilderd Patino,Wilderd Patino,Wilderd-Patino,ARI,CF,R,0,11,,45+,2023,,18.5472222,"6' 1""",175,R,R,2017,J2,ARI,985000,Venezuela,nCGzDkHWP8Q,sa3007874
Abraham Toro,Abraham Toro,Abraham-Toro,HOU,3B,MLB,0,3,,45+,2020,,23.125,"6' 1""",190,S,R,2016,Draft,HOU,250000,Seminole State JC (OK),yd1p1EpIUrE,19844
Shea Langeliers,Shea Langeliers,Shea-Langeliers,ATL,C,A,0,8,,45,2021,,22.2,"6' 0""",190,R,R,2019,Draft,ATL,3997500,Baylor,SyejX3eoyUM,sa3010329
Braden Shewmake,Braden Shewmake,Braden-Shewmake,ATL,SS,AA,0,9,,45,2021,,22.2,"6' 4""",180,L,R,2019,Draft,ATL,3129800,Texas A&M,,sa3010332
Kyle Muller,Kyle Muller,Kyle-Muller,ATL,LHP,AA,0,10,,45,2021,,22.3,"6' 6""",215,R,L,2016,Draft,ATL,2500000,Jesuit Prep HS (TX),GHdft_9H-90,sa917931
Alex Jackson,Alex Jackson,Alex-Jackson,ATL,C,MLB,0,11,,45,2020,,24.1,"6' 2""",220,R,R,2014,Draft,SEA,4200000,Rancho Bernardo HS (CA),HIPG1LxMnlQ,17276
Thomas Szapucki,Thomas Szapucki,Thomas-Szapucki,NYM,LHP,AA,0,7,,45,2021,,23.6472222,"6' 2""",190,R,L,2015,Draft,NYM,375000,Dwyer HS (FL),aaIRseQiZNU,sa875054
David Peterson,David Peterson,David-Peterson,NYM,LHP,AA,0,8,,45,2020,,24.4222222,"6' 6""",240,L,L,2017,Draft,NYM,2994500,Oregon,CFTWy9cdytY,sa829588
Bobby Dalbec,Bobby Dalbec,Bobby-Dalbec,BOS,3B,AAA,0,4,,45,2020,,24.6,"6' 4""",225,R,R,2016,Draft,BOS,650000,Arizona,ZDPCbTYDtRo,sa857701
Noah Song,Noah Song,Noah-Song,BOS,RHP,A-,0,5,,45,2021,,22.6861111,"6' 4""",200,R,R,2019,Draft,BOS,100000,Navy,8izj28iTiyo,sa3011695
Gilberto Jimenez,Gilberto Jimenez,Gilberto-Jimenez,BOS,CF,A-,0,6,,45,2022,,19.575,"5' 11""",160,R,R,2017,J2,BOS,10000,Dominican Republic,,sa3005507
Andrew Knizner,Andrew Knizner,Andrew-Knizner,STL,C,MLB,0,6,,45,2020,,25.0055555,"6' 1""",200,R,R,2016,Draft,STL,185300,North Carolina State,_tdoPT13xtw,19514
Genesis Cabrera,Genesis Cabrera,Genesis-Cabrera,STL,LHP,MLB,0,7,,45,2020,,23.3194444,"6' 1""",190,L,L,2013,J2,TBR,34000,Dominican Republic,sKhWIR1ZYYA,17490
Michael Toglia,Michael Toglia,Michael-Toglia,COL,1B,A-,0,4,,45,2022,,21.4694444,"6' 4""",205,S,L,2019,Draft,COL,2725000,UCLA,,sa3010393
Sam Hilliard,Sam Hilliard,Sam-Hilliard,COL,CF,MLB,0,5,,45,2020,,25.9555555,"6' 5""",238,L,L,2015,Draft,COL,100000,Wichita State,,17954
Terrin Vavra,Terrin Vavra,Terrin-Vavra,COL,2B,A+,0,6,,45,2021,,22.7305555,"6' 0""",190,L,R,2018,Draft,COL,550000,Minnesota,,sa3007643
Colton Welker,Colton Welker,Colton-Welker,COL,3B,AA,0,7,,45,2021,,22.3222222,"6' 2""",195,R,R,2016,Draft,COL,855000,Stoneman Douglas HS (FL),,sa917962
Alex Faedo,Alex Faedo,Alex-Faedo,DET,RHP,AA,0,6,,45,2020,,24.2305555,"6' 5""",230,R,R,2017,Draft,DET,3500000,Florida,,sa829855
Joey Wentz,Joey Wentz,Joey-Wentz,DET,LHP,AA,0,7,,45,2020,,22.3305555,"6' 5""",209,L,L,2016,Draft,ATL,3050000,Shawnee Mission East HS (MO),qGBi5_ZAt5c,sa917946
Wenceel Perez,Wenceel Perez,Wenceel-Perez,DET,SS,A,0,8,,45,2022,,20.2638888,"5' 11""",170,S,R,2016,J2,DET,550000,Dominican Republic,,sa3003326
Daz Cameron,Daz Cameron,Daz-Cameron,DET,CF,AAA,0,9,,45,2020,,23.0555555,"6' 2""",195,R,R,2015,Draft,HOU,4000000,Eagle's Landing Christian HS (GA),BmUTuuIHb4w,sa874736
Franklin Perez,Franklin Perez,Franklin-Perez,DET,RHP,A+,0,10,,45,2020,,22.1638888,"6' 3""",197,R,R,2014,J2,HOU,1000000,Venezuela,,sa873722
Parker Meadows,Parker Meadows,Parker-Meadows,DET,CF,A,0,11,,45,2022,,20.2583333,"6' 4""",195,L,R,2018,Draft,DET,2500000,Grayson HS (GA),,sa3007943
Lewis Thorpe,Lewis Thorpe,Lewis-Thorpe,MIN,LHP,MLB,0,7,,45,2020,,24.2,"6' 1""",220,R,L,2012,J2,MIN,500000,Australia,Txe_vF8DcKE,15906
Keoni Cavaco,Keoni Cavaco,Keoni-Cavaco,MIN,3B,R,0,8,,45,2024,,18.675,"6' 0""",195,R,R,2019,Draft,MIN,4050000,Eastlake HS (CA),SHLWav7QLz0,sa3010706
Gilberto Celestino,Gilberto Celestino,Gilberto-Celestino,MIN,CF,A+,0,9,,45,2021,,20.9777777,"6' 0""",170,R,L,2015,J2,HOU,2250000,Dominican Republic,QyYaz8gJrxc,sa914313
Gunnar Henderson,Gunnar Henderson,Gunnar-Henderson,BAL,3B,R,0,5,,45,2024,,18.6,"6' 3""",195,L,R,2019,Draft,BAL,2300000,Morgan Academy HS (AL),,sa3011484
Yusniel Diaz,Yusniel Diaz,Yusniel-Diaz,BAL,RF,AA,0,6,,45,2020,,23.3277777,"6' 1""",195,R,R,2015,J2,LAD,15500000,Cuba,cdLpzBiXeNQ,sa912848
Austin Hays,Austin Hays,Austin-Hays,BAL,CF,MLB,0,7,,45,2020,,24.5833333,"6' 0""",205,R,R,2016,Draft,BAL,665800,Jacksonville,Atv7VME2ktM,19363
Ryan McKenna,Ryan McKenna,Ryan-McKenna,BAL,CF,AA,0,8,,45,2020,,22.975,"5' 11""",185,R,R,2015,Draft,BAL,414700,St. Thomas Aquinas HS (NH),u90vH-3V-x0,sa875055
Michael Baumann,Michael Baumann,Michael-Baumann,BAL,RHP,AA,0,9,,45,2021,,24.4027777,"6' 4""",225,R,R,2017,Draft,BAL,500000,Jacksonville,,sa829681
Kyle Stowers,Kyle Stowers,Kyle-Stowers,BAL,RF,A-,0,10,,45,2023,,22.0916666,"6' 3""",205,L,L,2019,Draft,BAL,884200,Stanford,YIIkMwSpAIw,sa1115829
Logan Webb,Logan Webb,Logan-Webb,SFG,RHP,MLB,0,6,,45,2020,,23,"6' 2""",220,R,R,2014,Draft,SFG,600000,Rocklin HS (CA),,17995
Will Wilson,Will Wilson,Will-Wilson,SFG,2B,A-,0,7,,45,2022,,21.4,"6' 0""",184,R,R,2019,Draft,LAA,3400000,North Carolina State,,sa3009871
Luis Toribio,Luis Toribio,Luis-Toribio,SFG,3B,A-,0,8,,45,2024,,19.2,"6' 1""",210,L,R,2017,J2,SFG,300000,Dominican Republic,,sa3005541
Alexander Canario,Alexander Canario,Alexander-Canario,SFG,RF,A-,0,9,,45,2023,,19.6,"6' 1""",165,R,R,2016,J2,SFG,60000,Dominican Republic,tMkRAh9baAM,sa3003316
Mauricio Dubon,Mauricio Dubon,Mauricio-Dubon,SFG,SS,MLB,0,10,,45,2020,,25.4,"6' 0""",160,R,R,2013,Draft,BOS,16000,Capital Christian HS (CA),MgNeizABbjY,16530
Jackson Rutledge,Jackson Rutledge,Jackson-Rutledge,WSN,RHP,A,0,3,,45,2022,,20.8444444,"6' 8""",260,R,R,2019,Draft,WSN,3450000,San Jacinto JC (TX),,sa3011338
Wil Crowe,Wil Crowe,Wil-Crowe,WSN,RHP,AAA,0,4,,45,2020,,25.4055555,"6' 2""",240,R,R,2017,Draft,WSN,946500,South Carolina,2bHk9XJKfn4,sa738488
Mason Denaburg,Mason Denaburg,Mason-Denaburg,WSN,RHP,R,0,5,,45,2023,,20.4916666,"6' 3""",190,R,R,2018,Draft,WSN,3000000,Merritt Island HS (FL),UE-e6imiR6U,sa3010648
Connor Scott,Connor Scott,Connor-Scott,MIA,CF,A+,0,9,,45,2022,,20.325,"6' 4""",185,L,L,2018,Draft,MIA,4038200,Plant HS (FL),0xcsCdAtkPM,sa3008080
Braxton Garrett,Braxton Garrett,Braxton-Garrett,MIA,LHP,AA,0,10,,45,2021,,22.5,"6' 3""",190,L,L,2016,Draft,MIA,4145900,Florence HS (AL),m1S8r6P_0gU,sa917923
Nick Neidert,Nick Neidert,Nick-Neidert,MIA,RHP,AAA,0,11,,45,2020,,23.2083333,"6' 1""",202,R,R,2015,Draft,SEA,1200000,Peachtree Ridge HS (GA),Hi4TiR7zIIw,sa874797
Kameron Misner,Kameron Misner,Kameron-Misner,MIA,RF,A,0,12,,45,2022,,22.075,"6' 4""",219,L,L,2019,Draft,MIA,2115000,Missouri,,sa3011656
Jerar Encarnacion,Jerar Encarnacion,Jerar-Encarnacion,MIA,RF,A+,0,13,,45,2022,,22.2861111,"6' 4""",220,R,R,2015,J2,MIA,78000,Dominican Republic,,sa943817
Peyton Burdick,Peyton Burdick,Peyton-Burdick,MIA,RF,A,0,14,,45,2022,,22.9416666,"6' 0""",210,R,R,2019,Draft,MIA,397500,Wright State,,sa3009876
Nasim Nunez,Nasim Nunez,Nasim-Nunez,MIA,SS,A-,0,15,,45,2023,,19.4638888,"5' 9""",165,S,R,2019,Draft,MIA,2200000,Collins Hill HS (GA),,sa3010695
Jon Duplantier,Jon Duplantier,Jon-Duplantier,ARI,RHP,MLB,0,12,,45,2020,,25.5666666,"6' 4""",225,R,R,2016,Draft,ARI,686600,Rice,mlEmgiI4CV0,19546
Matt Tabor,Matt Tabor,Matt-Tabor,ARI,RHP,A,0,13,,45,2022,,21.5583333,"6' 2""",180,R,R,2017,Draft,ARI,1000000,Milton Academy HS (MA),QB3atZnxtDE,sa3005334
Freudis Nova,Freudis Nova,Freudis-Nova,HOU,3B,A,0,4,,45,2022,,20.0638888,"6' 1""",190,R,R,2016,J2,HOU,1200000,Dominican Republic,,sa3003195
Bryan Abreu,Bryan Abreu,Bryan-Abreu,HOU,RHP,MLB,0,5,,45,2020,,22.7861111,"6' 1""",175,R,R,2013,J2,HOU,40000,Dominican Republic,,16609
Cristian Javier,Cristian Javier,Cristian-Javier,HOU,RHP,AAA,0,6,,45,2020,,22.8583333,"6' 1""",170,R,R,2014,J2,HOU,10000,Dominican Republic,,sa874816
Brandon Bielak,Brandon Bielak,Brandon-Bielak,HOU,RHP,AAA,0,7,,45,2021,,23.7861111,"6' 1""",210,R,R,2017,Draft,HOU,150000,Notre Dame,AKReu-6lQvg,sa915815
Jasseel De La Cruz,Jasseel De La Cruz,Jasseel-De-La-Cruz,ATL,RHP,AA,0,12,,40+,2020,,22.6,"6' 1""",175,R,R,2014,J2,ATL,55000,Dominican Republic,f-7eE1-Zz80,sa879559
Michael Harris,Michael Harris,Michael-Harris,ATL,RF,A,0,13,,40+,2024,,18.9,"6' 0""",190,S,L,2019,Draft,ATL,547500,Stockbridge HS (GA),2_32n4WPIJw,sa3010684
Franklyn Kilome,Franklyn Kilome,Franklyn-Kilome,NYM,RHP,AA,0,9,,40+,2020,,24.6111111,"6' 6""",215,R,R,2012,J2,PHI,40000,Dominican Republic,BMD8EhJwlVg,sa830592
Matthew Lugo,Matthew Lugo,Matthew-Lugo,BOS,SS,A-,0,7,,40+,2024,,18.7388888,"6' 1""",185,R,R,2019,Draft,BOS,1100000,Beltran Academy HS (PR),a4yMWyebTt8,sa1169598
Lane Thomas,Lane Thomas,Lane-Thomas,STL,CF,MLB,0,8,,40+,2020,,24.45,"6' 1""",210,R,R,2014,Draft,TOR,750000,Bearden HS (TN),qMOaTp9R6lk,16939
Jhon Torres,Jhon Torres,Jhon-Torres,STL,RF,R,0,9,,40+,2023,,19.85,"6' 4""",200,R,R,2016,J2,CLE,150000,Colombia,3I-QOd9oNcA,sa3003233
Trejyn Fletcher,Trejyn Fletcher,Trejyn-Fletcher,STL,CF,R,0,10,,40+,2024,,18.7638888,"6' 2""",200,R,R,2019,Draft,STL,1500000,Deering HS (ME),,sa3010709
Junior Fernandez,Junior Fernandez,Junior-Fernandez,STL,RHP,MLB,0,11,,40+,2020,,22.925,"6' 1""",180,R,R,2014,J2,STL,400000,Dominican Republic, ,18496
Johan Oviedo,Johan Oviedo,Johan-Oviedo,STL,RHP,AA,0,12,,40+,2022,,21.925,"6' 6""",220,R,R,2016,J2,STL,1900000,Cuba, ,sa922365
Aaron Schunk,Aaron Schunk,Aaron-Schunk,COL,3B,A-,0,8,,40+,2022,,22.5305555,"6' 2""",203,R,R,2019,Draft,COL,1102700,Georgia,,sa3009957
Brenton Doyle,Brenton Doyle,Brenton-Doyle,COL,CF,R,0,9,,40+,2024,,21.725,"6' 3""",210,R,R,2019,Draft,COL,500000,Shepherd,,sa3009965
Riley Pint,Riley Pint,Riley-Pint,COL,RHP,A,0,10,,40+,2021,,22.2472222,"6' 4""",210,R,R,2016,Draft,COL,4800000,St. Thomas Aquinas HS (KS),SHwmwNMieek,sa917922
Adael Amador,Adael Amador,Adael-Amador,COL,SS,,0,11,,40+,2025,,16.8166666,"6' 0""",160,S,R,2019,J2,COL,1500000,Dominican Republic,OAZuNp1lPZ8,
Helcris Olivarez,Helcris Olivarez,Helcris-Olivarez,COL,LHP,R,0,12,,40+,2023,,19.4916666,"6' 2""",192,L,L,2016,J2,COL,,Dominican Republic,107F9pqncng,sa3002965
Ashton Goudeau,Ashton Goudeau,Ashton-Goudeau,COL,RHP,AA,0,13,,40+,2020,,27.5333333,"6' 6""",205,R,R,2012,Draft,KCR,,Maple Woods JC (MO),0B5NQkdVsCk,sa658634
Julio Carreras,Julio Carreras,Julio-Carreras,COL,SS,R,0,14,,40+,2023,,20.0638888,"6' 1""",166,R,R,2017,J2,COL,,Dominican Republic,,sa3005598
Nick Quintana,Nick Quintana,Nick-Quintana,DET,3B,A-,0,12,,40+,2022,,22.3111111,"6' 0""",195,R,R,2019,Draft,DET,1580200,Arizona,,sa3010390
Misael Urbina,Misael Urbina,Misael-Urbina,MIN,CF,R,0,10,,40+,2023,,17.7722222,"6' 0""",175,R,R,2018,J2,MIN,2750000,Venezuela,rflqhRGiZ0I,sa3008743
Jose Miranda,Jose Miranda,Jose-Miranda,MIN,3B,AA,0,11,,40+,2021,,21.6,"6' 2""",210,R,R,2016,Draft,MIN,775000,Leadership Christian HS (PR),,sa917952
Wander Javier,Wander Javier,Wander-Javier,MIN,SS,A,0,12,,40+,2022,,21.1,"6' 1""",185,R,R,2015,J2,MIN,4000000,Dominican Republic,KQM2BzjyTNU,sa917168
Matt Canterino,Matt Canterino,Matt-Canterino,MIN,RHP,R,0,13,,40+,2022,,22.1416666,"6' 2""",222,R,R,2019,Draft,MIN,1100000,Rice,,sa3011530
Matt Wallner,Matt Wallner,Matt-Wallner,MIN,RF,A,0,14,,40+,2022,,22.1472222,"6' 4""",220,L,R,2019,Draft,MIN,1800000,Southern Mississippi,,sa918808
Dean Kremer,Dean Kremer,Dean-Kremer,BAL,RHP,AAA,0,11,,40+,2020,,24.0777777,"6' 3""",180,R,R,2016,Draft,LAD,147500,UNLV,,sa876350
Zac Lowther,Zac Lowther,Zac-Lowther,BAL,LHP,AA,0,12,,40+,2020,,23.7638888,"6' 2""",235,L,L,2017,Draft,BAL,779500,Xavier,wVeEOHsnDns,sa915645
Adam Hall,Adam Hall,Adam-Hall,BAL,SS,A,0,13,,40+,2022,,20.7027777,"6' 0""",170,R,R,2017,Draft,BAL,1300000,Lucas HS (CAN),b7BJaxtFhpc,sa3005077
Keegan Akin,Keegan Akin,Keegan-Akin,BAL,LHP,AAA,0,14,,40+,2020,,24.8444444,"6' 0""",225,L,L,2016,Draft,BAL,1177200,Western Michigan,RKnbSobB0dk,sa873980
Jaylin Davis,Jaylin Davis,Jaylin-Davis,SFG,RF,MLB,0,11,,40+,2020,,25.4,"6' 1""",190,R,R,2015,Draft,MIN,14000,Appalachian State,,19552
Seth Corry,Seth Corry,Seth-Corry,SFG,LHP,A,0,12,,40+,2022,,21.1,"6' 2""",195,L,L,2017,Draft,SFG,1000000,Lone Peak HS (UT),vE93W5dEN5w,sa3004648
Gregory Santos,Gregory Santos,Gregory-Santos,SFG,RHP,A,0,13,,40+,2021,,20.2,"6' 2""",190,R,R,2015,J2,BOS,275000,Dominican Republic,15ULcH6JTJo,sa917162
Sean Hjelle,Sean Hjelle,Sean-Hjelle,SFG,RHP,AA,0,14,,40+,2022,,22.6,"6' 11""",215,R,R,2018,Draft,SFG,1500000,Kentucky,51af5JjxsT4,sa3007989
Melvin Adon,Melvin Adon,Melvin-Adon,SFG,RHP,AAA,0,15,,40+,2020,,25.5,"6' 3""",235,R,R,2014,J2,SFG,50000,Dominican Republic,6ghLcOh-UlI,sa873314
Jairo Pomares,Jairo Pomares,Jairo-Pomares,SFG,CF,A-,0,16,,40+,2023,,19.3,"6' 1""",185,L,R,2018,J2,SFG,975000,Cuba,,sa3010023
Andry Lara,Andry Lara,Andry-Lara,WSN,RHP,,0,6,,40+,2025,,17.0805555,"6' 3""",210,R,R,2019,J2,WSN,1250000,Venezuela,, 
Eddy Yean,Eddy Yean,Eddy-Yean,WSN,RHP,A-,0,7,,40+,2022,,18.6111111,"6' 1""",180,R,R,2017,J2,WSN,100000,Dominican Republic,,sa3006543
Matt Cronin,Matt Cronin,Matt-Cronin,WSN,LHP,A,0,8,,40+,2022,,22.375,"6' 2""",197,L,L,2019,Draft,WSN,464500,Arkansas,,sa3011463
Jorge Guzman,Jorge Guzman,Jorge-Guzman,MIA,RHP,AA,0,16,,40+,2020,,24.0194444,"6' 2""",182,R,R,2013,J2,HOU,22500,Dominican Republic,97COg64IK0I,sa872759
Osiris Johnson,Osiris Johnson,Osiris-Johnson,MIA,3B,,0,17,,40+,2023,,19.2972222,"6' 1""",185,R,R,2018,Draft,MIA,1350000,Encinal HS (CA),V3s25q8PgR0,sa3008110
Victor Mesa Jr.,Victor Mesa Jr,Victor-Mesa-Jr,MIA,CF,R,0,18,,40+,2024,,18.4083333,"5' 11""",175,L,L,2018,J2,MIA,1000000,Cuba,,sa3010700
Diowill Burgos,Diowill Burgos,Diowill-Burgos,MIA,RF,R,0,19,,40+,2023,,19.0166666,"6' 1""",190,L,R,2017,J2,STL,300000,Dominican Republic,,sa3005740
Levi Kelly,Levi Kelly,Levi-Kelly,ARI,RHP,A,0,14,,40+,2022,,20.725,"6' 4""",205,R,R,2018,Draft,ARI,350000,IMG Academy HS (FL),qqKNfBKdFpc,sa3008500
Drey Jameson,Drey Jameson,Drey-Jameson,ARI,RHP,A-,0,15,,40+,2022,,22.4666666,"6' 0""",165,R,R,2019,Draft,ARI,1400000,Ball State,JQEvZJZktbE,sa3011652
Luis Frias,Luis Frias,Luis-Frias,ARI,RHP,A,0,16,,40+,2021,,21.7,"6' 3""",180,R,R,2015,J2,ARI,50000,Dominican Republic,zxleCAlKeXc,sa917588
Andy Young,Andy Young,Andy-Young,ARI,2B,AAA,0,17,,40+,2020,,25.7361111,"6' 0""",195,R,R,2016,Draft,STL,3000,Indiana State,-6JQesHb26Y,sa919031
Seth Beer,Seth Beer,Seth-Beer,ARI,1B,AA,0,18,,40+,2021,,23.3805555,"6' 3""",195,L,R,2018,Draft,HOU,2250000,Clemson,Irm8cYuKHdU,sa3006658
Justin Martinez,Justin Martinez,Justin-Martinez,ARI,RHP,R,0,19,,40+,2023,,18.5138888,"6' 3""",180,R,R,2017,J2,ARI,,Dominican Republic,IylkrRNjnKg,sa3005864
Blaze Alexander,Blaze Alexander,Blaze-Alexander,ARI,SS,A,0,20,,40+,2023,,20.65,"6' 1""",175,R,R,2018,Draft,ARI,500000,IMG Academy HS (FL),SqfVVOm-a8k,sa3007742
Korey Lee,Korey Lee,Korey-Lee,HOU,C,A-,0,8,,40+,2023,,21.5277777,"6' 1""",205,R,R,2019,Draft,HOU,1750000,Cal,,sa3010034
Hunter Brown,Hunter Brown,Hunter-Brown,HOU,RHP,A-,0,9,,40+,2023,,21.4333333,"6' 2""",203,R,R,2019,Draft,HOU,325000,Wayne State,,sa3010571
Jairo Solis,Jairo Solis,Jairo-Solis,HOU,RHP,A,0,10,,40+,2021,,20.1194444,"6' 2""",160,R,R,2016,J2,HOU,450000,Venezuela,,sa3003037
Jeremy Pena,Jeremy Pena,Jeremy-Pena,HOU,SS,A+,0,11,,40+,2022,,22.3694444,"6' 0""",180,R,R,2018,Draft,HOU,535000,Maine,YRrhsdBsxBo,sa876320
Jose Alberto Rivera,Jose Alberto Rivera,Jose-Alberto-Rivera,HOU,RHP,A,0,12,,40+,2021,,22.975,"6' 3""",170,R,R,2016,J2,HOU,,Dominican Republic,,sa3003090
Enoli Paredes,Enoli Paredes,Enoli-Paredes,HOU,RHP,AA,0,13,,40+,2020,,24.3527777,"5' 11""",165,R,R,2014,J2,HOU,10000,Dominican Republic,,sa920300
Tyler Ivey,Tyler Ivey,Tyler-Ivey,HOU,RHP,AA,0,14,,40+,2020,,23.7305555,"6' 4""",195,R,R,2017,Draft,HOU,450000,Grayson County JC (TX),,sa3004574
Angel Macuare,Angel Macuare,Angel-Macuare,HOU,RHP,A-,0,15,,40+,2022,,19.9222222,"6' 2""",188,R,R,2016,J2,HOU,695000,Venezuela,,sa3003039
Victor Vodnik,Victor Vodnik,Victor-Vodnik,ATL,RHP,A,0,14,,40,2023,,20.3,"6' 0""",200,R,R,2018,Draft,ATL,200000,Rialto HS (CA),GxwNnM9irZ0,sa3008527
Vaughn Grissom,Vaughn Grissom,Vaughn-Grissom,ATL,SS,R,0,15,,40,2024,,19,"6' 3""",180,R,R,2019,Draft,ATL,347500,Hagerty HS (FL),,sa3010711
Huascar Ynoa,Huascar Ynoa,Huascar-Ynoa,ATL,RHP,MLB,0,16,,40,2021,,21.6,"6' 3""",175,R,R,2014,J2,MIN,800000,Dominican Republic,7AxhbuWGmis,20468
Freddy Tarnok,Freddy Tarnok,Freddy-Tarnok,ATL,RHP,A+,0,17,,40,2022,,21.2,"6' 3""",185,R,R,2017,Draft,ATL,1445000,Riverview HS (FL),n5hQB8FZnIU,sa3005175
Shervyen Newton,Shervyen Newton,Shervyen-Newton,NYM,SS,A,0,10,,40,2022,,20.7805555,"6' 4""",180,S,R,2015,J2,NYM,50000,Netherlands,,sa917119
Junior Santos,Junior Santos,Junior-Santos,NYM,RHP,R,0,11,,40,2023,,18.4694444,"6' 8""",218,R,R,2017,J2,NYM,275000,Dominican Republic,,sa3005470
Josh Wolf,Josh Wolf,Josh-Wolf,NYM,RHP,R,0,12,,40,2024,,19.4277777,"6' 2""",175,R,R,2019,Draft,NYM,2150000,St. Thomas HS (TX),,sa3011638
Endy Rodriguez,Endy Rodriguez,Endy-Rodriguez,NYM,C,R,0,13,,40,2023,,19.7472222,"6' 0""",170,S,R,2018,J2,NYM,,Dominican Republic,,sa3008272
Kevin Smith,Kevin Smith,Kevin-Smith,NYM,LHP,AA,0,14,,40,2021,,22.7277777,"6' 5""",200,R,L,2018,Draft,NYM,222300,Georgia,,sa3007710
Jaylen Palmer,Jaylen Palmer,Jaylen-Palmer,NYM,3B,R,0,15,,40,2023,,19.5138888,"6' 3""",195,R,R,2018,Draft,NYM,200000,Holy Cross Academy HS (NY),,sa3008297
Adrian Hernandez,Adrian Hernandez,Adrian-Hernandez,NYM,CF,R,0,16,,40,2022,,18.9916666,"5' 9""",210,R,R,2017,J2,NYM,1500000,Dominican Republic,,sa3005487
Robert Dominguez,Robert Dominguez,Robert-Dominguez,NYM,RHP,,0,17,,40,2024,,18.1805555,"6' 4""",200,R,R,2019,J2,NYM,95000,Venezuela,, 
Jordany Ventura,Jordany Ventura,Jordany-Ventura,NYM,RHP,R,0,18,,40,2023,,19.5805555,"6' 0""",165,R,R,2017,J2,NYM,,Dominican Republic,,sa3008542
Carlos Cortes,Carlos Cortes,Carlos-Cortes,NYM,LF,A+,0,19,,40,2021,,22.5972222,"5' 8""",200,L,S,2018,Draft,NYM,1000038,South Carolina,Pz1pO6aLZwU,sa3008079
Cameron Cannon,Cameron Cannon,Cameron-Cannon,BOS,3B,A-,0,8,,40,2023,,22.3027777,"5' 10""",196,R,R,2019,Draft,BOS,1300000,Arizona,4YQQgwjQsjI,sa3011467
Joshua Cornielly,Joshua Cornielly,Joshua-Cornielly,NYM,RHP,R,0,20,,40,2023,,19.0555555,"6' 2""",175,R,R,2017,J2,NYM,,Venezuela,,sa3005890
Tanner Houck,Tanner Houck,Tanner-Houck,BOS,RHP,AAA,0,9,,40,2020,,23.6,"6' 5""",220,R,R,2017,Draft,BOS,2614500,Missouri,QTDQgUJS9H4,sa829037
Jordan Humphreys,Jordan Humphreys,Jordan-Humphreys,NYM,RHP,R,0,21,,40,2021,,23.65,"6' 2""",223,R,R,2015,Draft,NYM,150000,Crystal River HS (FL),u6-oRD7Xit4,sa875762
Jarren Duran,Jarren Duran,Jarren-Duran,BOS,CF,AA,0,10,,40,2022,,23.4166666,"6' 2""",200,L,R,2018,Draft,BOS,189800,Long Beach State,L8gFdZbJcrc,sa3006786
Alexander Ramirez,Alexander Ramirez,Alexander-Ramirez,NYM,CF,,0,22,,40,2025,,17.0611111,"6' 3""",175,R,R,2019,J2,NYM,2050000,Dominican Republic,8u-cBOEpR_M, 
Thad Ward,Thad Ward,Thad-Ward,BOS,RHP,A+,0,11,,40,2022,,23.0527777,"6' 3""",185,R,R,2018,Draft,BOS,275000,UCF,,sa3008098
Ali Sanchez,Ali Sanchez,Ali-Sanchez,NYM,C,AAA,0,23,,40,2020,,23.0416666,"6' 0""",196,R,R,2013,J2,NYM,690000,Venezuela,,sa828198
Brayan Bello,Brayan Bello,Brayan-Bello,BOS,RHP,A,0,12,,40,2022,,20.7166666,"6' 1""",170,R,R,2017,J2,BOS,28000,Dominican Republic,,sa3005436
Will Toffey,Will Toffey,Will-Toffey,NYM,3B,AA,0,24,,40,2020,,25.0972222,"6' 2""",205,L,R,2017,Draft,OAK,482600,Vanderbilt,XL3eRFTCj3k,sa829401
Chih-Jung Liu,Chih-Jung Liu,Chih-Jung-Liu,BOS,RHP,,0,13,,40,2023,,20.8277777,"6' 0""",185,R,R,2019,J2,BOS,750000,Taiwan,,
Nick Decker,Nick Decker,Nick-Decker,BOS,RF,A-,0,14,,40,2023,,20.3416666,"6' 0""",200,L,L,2018,Draft,BOS,1250000,Seneca HS (NJ),JfxRX_cb-VE,sa3008590
Jay Groome,Jay Groome,Jay-Groome,BOS,LHP,A,0,15,,40,2021,,21.45,"6' 5""",220,L,L,2016,Draft,BOS,3650000,Barnegat HS (NJ),2KZQaauTk3Y,sa917925
Antoni Flores,Antoni Flores,Antoni-Flores,BOS,SS,A-,0,16,,40,2023,,19.3083333,"6' 1""",190,R,R,2017,J2,BOS,1400000,Venezuela,md2-SgDDngQ,sa3005489
Brainer Bonaci,Brainer Bonaci,Brainer-Bonaci,BOS,SS,R,0,17,,40,2024,,17.5722222,"5' 10""",140,S,R,2018,J2,BOS,290000,Venezuela,,sa3008836
Bryan Gonzalez,Bryan Gonzalez,Bryan-Gonzalez,BOS,RF,R,0,18,,40,2024,,18.3805555,"6' 3""",220,R,R,2018,J2,BOS,500000,Dominican Republic,,sa3008805
Brandon Howlett,Brandon Howlett,Brandon-Howlett,BOS,3B,A,0,19,,40,2023,,20.3972222,"6' 1""",205,R,R,2018,Draft,BOS,185000,George Jenkins HS (FL),,sa3007745
C.J. Chatham,CJ Chatham,CJ-Chatham,BOS,SS,AAA,0,20,,40,2020,,25.1194444,"6' 3""",185,R,R,2016,Draft,BOS,1100000,Florida Atlantic,o51fk4q6VrI,sa873984
Jonathan Arauz,Jonathan Arauz,Jonathan-Arauz,BOS,2B,AA,0,21,,40,2020,,21.5055555,"6' 0""",165,S,R,2014,J2,PHI,600000,Panama,,sa877498
Edmundo Sosa,Edmundo Sosa,Edmundo-Sosa,STL,SS,MLB,0,13,,40,2020,,23.9138888,"6' 0""",198,R,R,2012,J2,STL,425000,Panama, ,17022
Elehuris Montero,Elehuris Montero,Elehuris-Montero,STL,3B,AA,0,14,,40,2021,,21.4666666,"6' 3""",215,R,R,2015,J2,STL,300000,Dominican Republic, ,sa872477
Kodi Whitley,Kodi Whitley,Kodi-Whitley,STL,RHP,AAA,0,15,,40,2020,,24.9555555,"6' 4""",220,R,R,2017,Draft,STL,75000,Mount Olive,,sa3004708
Tony Locey,Tony Locey,Tony-Locey,STL,RHP,A,0,16,,40,2023,,21.5166666,"6' 3""",240,R,R,2019,Draft,STL,604800,Georgia,,sa3011123
Luken Baker,Luken Baker,Luken-Baker,STL,1B,A+,0,17,,40,2021,,22.9027777,"6' 4""",265,R,R,2018,Draft,STL,800000,TCU,#NAME?,sa3008267
Jake Woodford,Jake Woodford,Jake-Woodford,STL,RHP,AAA,0,18,,40,2020,,23.2694444,"6' 4""",220,R,R,2015,Draft,STL,1800000,Plant HS (FL),,sa874753
Juan Yepez,Juan Yepez,Juan-Yepez,STL,1B,AA,0,19,,40,2021,,21.9611111,"6' 1""",200,R,R,2014,J2,ATL,1000000,Venezuela, ,sa877505
Ramon Urias,Ramon Urias,Ramon-Urias,STL,2B,AAA,0,20,,40,2019,,25.6722222,"5' 10""",165,R,R,2010,J2,TEX,,Mexico, ,sa597169
Mateo Gil,Mateo Gil,Mateo-Gil,STL,SS,R,0,21,,40,2023,,19.5305555,"6' 1""",180,R,R,2018,Draft,STL,900000,Timber Creek HS (TX), ,sa3007050
Roel Ramirez,Roel Ramirez,Roel-Ramirez,STL,RHP,AAA,0,22,,40,2020,,24.6916666,"6' 1""",210,R,R,2013,Draft,TBR,127500,United South HS (TX),,sa737902
Malcom Nunez,Malcom Nunez,Malcom-Nunez,STL,1B,R,0,23,,40,2024,,18.9055555,"5' 11""",205,R,R,2018,J2,STL,300000,Cuba, ,sa3008113
Seth Elledge,Seth Elledge,Seth-Elledge,STL,RHP,AAA,0,24,,40,2019,,23.7083333,"6' 3""",230,R,R,2017,Draft,SEA,400000,Dallas Baptist, ,sa3004011
Tyler Nevin,Tyler Nevin,Tyler-Nevin,COL,1B,AA,0,15,,40,2021,,22.6833333,"6' 4""",200,R,R,2015,Draft,COL,2000000,Poway HS (CA),,sa874752
Grant Lavigne,Grant Lavigne,Grant-Lavigne,COL,1B,A,0,16,,40,2022,,20.4388888,"6' 4""",230,L,R,2018,Draft,COL,2000000,Bedford HS (NH),yU9PNba7MjM,sa3007743
Tommy Doyle,Tommy Doyle,Tommy-Doyle,COL,RHP,A+,0,17,,40,2020,,23.7611111,"6' 4""",235,R,R,2017,Draft,COL,837300,Virginia,,sa829687
Ryan Castellani,Ryan Castellani,Ryan-Castellani,COL,RHP,AAA,0,18,,40,2020,,23.8444444,"6' 4""",193,R,R,2014,Draft,COL,1100000,Brophy Prep HS (AZ),,sa828689
Eddy Diaz,Eddy Diaz,Eddy-Diaz,COL,2B,R,0,19,,40,2023,,19.975,"5' 11""",171,R,R,2017,J2,COL,750000,Cuba,,sa3004979
Karl Kauffmann,Karl Kauffmann,Karl-Kauffmann,COL,RHP,,0,20,,40,2023,,22.4722222,"6' 2""",200,R,R,2019,Draft,COL,805600,Michigan,,
Jacob Wallace,Jacob Wallace,Jacob-Wallace,COL,RHP,A-,0,21,,40,2023,,21.4777777,"6' 1""",190,R,R,2019,Draft,COL,581600,Connecticut,,sa3010374
Antonio Santos,Antonio Santos,Antonio-Santos,COL,RHP,AA,0,22,,40,2020,,23.3305555,"6' 3""",190,R,R,2015,J2,COL,50000,Dominican Republic,,sa881171
Ezequiel Tovar,Ezequiel Tovar,Ezequiel-Tovar,COL,SS,R,0,23,,40,2024,,18.5111111,"6' 0""",162,R,R,2017,J2,COL,800000,Venezuela,,sa3008239
Will Ethridge,Will Ethridge,Will-Ethridge,COL,RHP,A-,0,24,,40,2022,,22.125,"6' 5""",220,R,R,2019,Draft,COL,327200,Ole Miss,,sa3011337
Ryan Feltner,Ryan Feltner,Ryan-Feltner,COL,RHP,A,0,25,,40,2021,,23.425,"6' 4""",190,R,R,2018,Draft,COL,434700,Ohio State,,sa3008222
Ben Bowden,Ben Bowden,Ben-Bowden,COL,LHP,AAA,0,26,,40,2020,,25.2888888,"6' 4""",235,L,L,2016,Draft,COL,1600000,Vanderbilt,,sa873701
Alex Lange,Alex Lange,Alex-Lange,DET,RHP,AA,0,13,,40,2020,,24.3416666,"6' 3""",197,R,R,2017,Draft,CHC,1925000,LSU,,sa3005280
Willi Castro,Willi Castro,Willi-Castro,DET,SS,MLB,0,14,,40,2020,,22.7805555,"6' 1""",205,S,R,2013,J2,CLE,825000,Dominican Republic,ZgzLpSZfVEw,17338
Zack Hess,Zack Hess,Zack-Hess,DET,RHP,A,0,15,,40,2022,,22.9444444,"6' 6""",216,R,R,2019,Draft,DET,227700,LSU,,sa3010777
Jose De La Cruz,Jose De La Cruz,Jose-De-La-Cruz,DET,RF,R,0,16,,40,2024,,18.0888888,"6' 1""",205,R,R,2018,J2,DET,1800000,Dominican Republic,,sa3008747
Beau Burrows,Beau Burrows,Beau-Burrows,DET,RHP,AAA,0,17,,40,2020,,23.3805555,"6' 2""",215,R,R,2015,Draft,DET,2154200,Weatherford HS (TX),wrcFf1O63-8,sa874682
Bryant Packard,Bryant Packard,Bryant-Packard,DET,LF,A+,0,18,,40,2023,,22.3305555,"6' 3""",200,L,R,2019,Draft,DET,386600,East Carolina,,sa3010590
Jake Rogers,Jake Rogers,Jake-Rogers,DET,C,MLB,0,19,,40,2020,,24.7972222,"6' 1""",205,R,R,2016,Draft,HOU,614000,Tulane,,19452
Wilkel Hernandez,Wilkel Hernandez,Wilkel-Hernandez,DET,RHP,AAA,0,20,,40,2022,,20.8111111,"6' 3""",195,R,R,2015,J2,LAA,125000,Venezuela,,sa918026
Adinso Reyes,Adinso Reyes,Adinso-Reyes,DET,3B,R,0,21,,40,2023,,18.2861111,"6' 1""",210,R,R,2018,J2,DET,1450000,Dominican Republic,Oo8SzAr5cp4,sa3008750
Kody Clemens,Kody Clemens,Kody-Clemens,DET,2B,AA,0,22,,40,2021,,23.7222222,"6' 1""",170,L,R,2018,Draft,DET,600000,Texas,,sa3008002
Jack Kenley,Jack Kenley,Jack-Kenley,DET,2B,A,0,23,,40,2023,,22.325,"6' 0""",185,L,R,2019,Draft,DET,135000,Arkansas,,sa3010718
Ryan Kreidler,Ryan Kreidler,Ryan-Kreidler,DET,3B,A-,0,24,,40,2022,,22.2305555,"6' 2""",195,R,R,2019,Draft,DET,517400,UCLA,,sa3010587
Roberto Campos,Roberto Campos,Roberto-Campos,DET,RF,,0,25,,40,2025,,16.6416666,"6' 3""",200,R,R,2019,J2,DET,2850000,Cuba,,
Bryan Garcia,Bryan Garcia,Bryan-Garcia,DET,RHP,MLB,0,26,,40,2020,,24.7944444,"6' 1""",203,R,R,2016,Draft,DET,289400,Miami,,19457
Cole Sands,Cole Sands,Cole-Sands,MIN,RHP,AA,0,15,,40,2021,,22.55,"6' 3""",215,R,R,2018,Draft,MIN,600000,Florida State,,sa3008611
Edwar Colina,Edwar Colina,Edwar-Colina,MIN,RHP,AAA,0,16,,40,2020,,22.7555555,"5' 11""",240,R,R,2015,J2,MIN,8000,Venezuela,,sa917405
Brent Rooker,Brent Rooker,Brent-Rooker,MIN,1B,R,0,17,,40,2019,,25.2611111,"6' 3""",215,R,R,2017,Draft,MIN,1935300,Mississippi State,,sa3003172
Blayne Enlow,Blayne Enlow,Blayne-Enlow,MIN,RHP,A+,0,18,,40,2022,,20.8722222,"6' 3""",200,R,R,2017,Draft,MIN,2000000,St. Amat HS (LA),aZJ78IL6QJ8,sa3005117
Yunior Severino,Yunior Severino,Yunior-Severino,MIN,2B,A,0,19,,40,2023,,20.3388888,"6' 1""",190,S,R,2017,J2,MIN,2500000,Dominican Republic,loRx-qNixVg,sa3003185
Luis Rijo,Luis Rijo,Luis-Rijo,MIN,RHP,A,0,20,,40,2022,,21.4138888,"6' 1""",200,R,R,2015,J2,NYY,50000,Venezuela,,sa916950
Devin Smeltzer,Devin Smeltzer,Devin-Smeltzer,MIN,LHP,MLB,0,21,,40,2020,,24.4111111,"6' 3""",195,R,L,2016,Draft,LAD,497500,San Jacinto JC (TX),sO68TM2v_iE,19487
Ben Rortvedt,Ben Rortvedt,Ben-Rortvedt,MIN,C,AA,0,22,,40,2021,,22.3611111,"5' 10""",205,L,R,2016,Draft,MIN,900000,Verona HS (WI),,sa917942
Josh Winder,Josh Winder,Josh-Winder,MIN,RHP,A,0,23,,40,2022,,23.3166666,"6' 5""",210,R,R,2018,Draft,MIN,198700,Virginia Military Institute,,sa3007993
Travis Blankenhorn,Travis Blankenhorn,Travis-Blankenhorn,MIN,2B,AA,0,24,,40,2020,,23.5055555,"6' 2""",230,L,R,2015,Draft,MIN,650000,Pottsville HS (PA),#NAME?,sa874969
Spencer Steer,Spencer Steer,Spencer-Steer,MIN,2B,A,0,25,,40,2022,,22.1611111,"5' 11""",190,R,R,2019,Draft,MIN,575000,Oregon,,sa3010586
Akil Baddoo,Akil Baddoo,Akil-Baddoo,MIN,CF,A+,0,26,,40,2021,,21.4694444,"5' 11""",210,L,L,2016,Draft,MIN,750000,Salem HS (GA),,sa917953
LaMonte Wade Jr,LaMonte Wade Jr,LaMonte-Wade-Jr,MIN,LF,MLB,0,27,,40,2020,,26.0944444,"6' 1""",205,L,L,2015,Draft,MIN,163800,Maryland,w86AnjtVGWk,18126
Cody Stashak,Cody Stashak,Cody-Stashak,MIN,RHP,MLB,0,28,,40,2020,,25.6694444,"6' 2""",175,R,R,2015,Draft,MIN,100000,St. John's,,18088
Will Holland,Will Holland,Will-Holland,MIN,2B,R,0,29,,40,2023,,21.7972222,"5' 10""",181,R,R,2019,Draft,MIN,575000,Auburn,,sa3011204
Jorge Alcala,Jorge Alcala,Jorge-Alcala,MIN,RHP,MLB,0,30,,40,2020,,24.5194444,"6' 3""",205,R,R,2014,J2,HOU,10000,Dominican Republic,,19459
Emmanuel Rodriguez,Emmanuel Rodriguez,Emmanuel-Rodriguez,MIN,CF,,0,31,,40,2025,,16.9305555,"5' 10""",165,L,L,2019,J2,MIN,2500000,Dominican Republic,#NAME?,
Edouard Julien,Edouard Julien,Edouard-Julien,MIN,LF,,0,32,,40,2023,,20.7638888,"6' 1""",195,L,R,2019,Draft,MIN,493000,Auburn,,
Yennier Cano,Yennier Cano,Yennier-Cano,MIN,RHP,A+,0,33,,40,2021,,25.9055555,"6' 0""",185,R,R,2018,J2,MIN,750000,Cuba,,sa3011688
Jovani Moran,Jovani Moran,Jovani-Moran,MIN,LHP,AA,0,34,,40,2020,,22.7805555,"6' 1""",180,L,L,2015,Draft,MIN,275000,Carlos Beltran Academy HS (PR),,sa875188
Cadyn Grenier,Cadyn Grenier,Cadyn-Grenier,BAL,SS,A+,0,15,,40,2022,,23.2638888,"5' 10""",185,R,R,2018,Draft,BAL,1800000,Oregon State,8Q0_6YnDInk,sa3008140
Zach Pop,Zach Pop,Zach-Pop,BAL,RHP,AA,0,16,,40,2021,,23.375,"6' 4""",220,R,R,2017,Draft,LAD,147500,Kentucky,,sa829370
Rylan Bannon,Rylan Bannon,Rylan-Bannon,BAL,3B,AAA,0,17,,40,2021,,23.7861111,"5' 10""",180,R,R,2017,Draft,LAD,122500,Xavier,pUKhEOYH0TU,sa3004162
Bruce Zimmermann,Bruce Zimmermann,Bruce-Zimmermann,BAL,LHP,AAA,0,18,,40,2021,,24.9888888,"6' 2""",215,L,L,2017,Draft,ATL,10000,Mount Olive,,sa3004810
Drew Rom,Drew Rom,Drew-Rom,BAL,LHP,A,0,19,,40,2023,,20.1388888,"6' 2""",170,L,L,2018,Draft,BAL,650000,Highlands HS (KY),vxN2IyneBMs,sa3007848
Hunter Harvey,Hunter Harvey,Hunter-Harvey,BAL,RHP,MLB,0,20,,40,2020,,25.1555555,"6' 3""",175,R,R,2013,Draft,BAL,1947600,Bandys HS (NC),h6K2W6p8iCg,15507
Brandon Bailey,Brandon Bailey,Brandon-Bailey,BAL,RHP,AA,0,21,,40,2020,,25.2944444,"5' 10""",175,R,R,2016,Draft,HOU,298000,Gonzaga,,sa873692
Darell Hernaiz,Darell Hernaiz,Darell-Hernaiz,BAL,SS,R,0,22,,40,2024,,18.5055555,"6' 1""",170,R,R,2019,Draft,BAL,400000,Americas HS (TX),,sa3011309
Kyle Bradish,Kyle Bradish,Kyle-Bradish,BAL,RHP,A+,0,23,,40,2022,,23.3972222,"6' 4""",205,R,R,2018,Draft,LAA,397500,New Mexico State,gO68BL9_rtI,sa3008605
Alex Wells,Alex Wells,Alex-Wells,BAL,LHP,AA,0,24,,40,2020,,22.9388888,"6' 1""",190,L,L,2015,J2,BAL,300000,Australia,,sa919319
Prelander Berroa,Prelander Berroa,Prelander-Berroa,SFG,RHP,A-,0,17,,40,2021,,19.6,"5' 11""",170,R,R,2016,J2,MIN,200000,Dominican Republic,,sa3005069
Blake Rivera,Blake Rivera,Blake-Rivera,SFG,RHP,A,0,18,,40,2022,,21.9,"6' 5""",225,R,R,2018,Draft,SFG,800000,Wallace State JC (AL),,sa3008261
Kai-Wei Teng,Kai-Wei Teng,Kai-Wei-Teng,SFG,RHP,A,0,19,,40,2023,,21,"6' 4""",260,R,R,2017,J2,MIN,500000,Taiwan,,sa3007229
Camilo Doval,Camilo Doval,Camilo-Doval,SFG,RHP,A+,0,20,,40,2021,,22.4,"6' 2""",185,R,R,2015,J2,SFG,100000,Dominican Republic,N5S-D2ZA5lQ,sa916835
Ricardo Genoves,Ricardo Genoves,Ricardo-Genoves,SFG,C,A,0,21,,40,2021,,20.5,"6' 2""",210,R,R,2015,J2,SFG,500000,Venezuela,,sa916844
P.J. Hilson,PJ Hilson,PJ-Hilson,SFG,CF,R,0,22,,40,2023,,19.3,"5' 11""",175,R,R,2018,Draft,SFG,520000,Nettleton HS (AR),,sa3007048
Dilan Rosario,Dilan Rosario,Dilan-Rosario,SFG,SS,R,0,23,,40,2024,,18.4,"6' 2""",170,R,R,2019,Draft,SFG,650000,Leadership Christian HS (PR),,sa3010165
Aeverson Arteaga,Aeverson Arteaga,Aeverson-Arteaga,SFG,SS,,0,24,,40,2025,,16.7,"6' 1""",170,R,R,2019,J2,SFG,1200000,Venezuela,,
Tristan Beck,Tristan Beck,Tristan-Beck,SFG,RHP,A+,0,25,,40,2022,,23.4,"6' 4""",190,R,R,2018,Draft,ATL,900000,Stanford,XrgMm2JffMA,sa3008526
Jake Wong,Jake Wong,Jake-Wong,SFG,RHP,A+,0,26,,40,2022,,23.2,"6' 1""",210,R,R,2018,Draft,SFG,850000,Grand Canyon,V7vH6_UK3Pg,sa3008100
Kean Wong,Kean Wong,Kean-Wong,SFG,2B,MLB,0,27,,40,2020,,24.6,"5' 11""",190,L,R,2013,Draft,TBR,400000,Waiakea HS (HI),,15994
Dany Jimenez,Dany Jimenez,Dany-Jimenez,SFG,RHP,AA,0,28,,40,2020,,24.1166666,"6' 3""",190,R,R,2015,J2,TOR,0,Dominican Republic,,sa885967
Tim Cate,Tim Cate,Tim-Cate,WSN,LHP,A+,0,9,,40,2021,,22.3472222,"6' 0""",170,L,L,2018,Draft,WSN,986200,Connecticut,KDXLnErxMEQ,sa3007926
Seth Romero,Seth Romero,Seth-Romero,WSN,LHP,A,0,10,,40,2021,,23.7944444,"6' 3""",240,L,L,2017,Draft,WSN,2800000,Houston,,sa3005301
Drew Mendoza,Drew Mendoza,Drew-Mendoza,WSN,1B,A,0,11,,40,2023,,22.3194444,"6' 4""",190,L,R,2019,Draft,WSN,800000,Florida State,,sa3011256
Yasel Antuna,Yasel Antuna,Yasel-Antuna,WSN,3B,A,0,12,,40,2021,,20.275,"6' 0""",170,S,R,2016,J2,WSN,3900000,Dominican Republic,,sa962601
Jeremy De La Rosa,Jeremy De La Rosa,Jeremy-De-La-Rosa,WSN,RF,R,0,13,,40,2024,,18.0527777,"6' 1""",160,L,L,2018,J2,WSN,300000,Dominican Republic,,sa3011329
Israel Pineda,Israel Pineda,Israel-Pineda,WSN,C,A,0,14,,40,2022,,19.8388888,"5' 11""",190,R,R,2016,J2,WSN,450000,Venezuela,,sa3004385
Joan Adon,Joan Adon,Joan-Adon,WSN,RHP,A,0,15,,40,2022,,21.4805555,"6' 2""",185,R,R,2016,J2,WSN,50000,Dominican Republic,,sa3002614
Breidy Encarnacion,Breidy Encarnacion,Breidy-Encarnacion,MIA,RHP,R,0,20,,40,2023,,19.2388888,"6' 3""",185,R,R,2018,J2,MIA,30000,Dominican Republic,,sa3009205
Alex Vesia,Alex Vesia,Alex-Vesia,MIA,LHP,AA,0,21,,40,2020,,23.8166666,"6' 2""",195,L,L,2018,Draft,MIA,25000,Cal State East Bay,,sa3008070
Jordan Holloway,Jordan Holloway,Jordan-Holloway,MIA,RHP,A+,0,22,,40,2020,,23.6444444,"6' 4""",215,R,R,2014,Draft,MIA,400000,Ralston Valley HS (CO),,sa829245
Will Banfield,Will Banfield,Will-Banfield,MIA,C,A,0,23,,40,2023,,20.2138888,"6' 1""",200,R,R,2018,Draft,MIA,1800000,Brookwood HS (GA),KI7Z1Rzt2UM,sa3007973
Josh Roberson,Josh Roberson,Josh-Roberson,MIA,RHP,A,0,24,,40,2021,,23.7305555,"6' 3""",175,R,R,2017,Draft,MIA,150000,UNC Wilmington,,sa3007721
Evan Fitterer,Evan Fitterer,Evan-Fitterer,MIA,RHP,R,0,25,,40,2024,,19.6083333,"6' 3""",195,R,R,2019,Draft,MIA,1500000,Aliso Niguel HS (CA),,sa3011433
Jose Salas,Jose Salas,Jose-Salas,MIA,SS,,0,26,,40,2025,,16.775,"6' 1""",150,S,R,2019,J2,MIA,2800000,Venezuela,,
Jose Devers,Jose Devers,Jose-Devers,MIA,2B,A,0,27,,40,2022,,20.1611111,"6' 0""",155,L,R,2016,J2,NYY,250000,Dominican Republic,,sa3003295
Robert Dugger,Robert Dugger,Robert-Dugger,MIA,RHP,MLB,0,28,,40,2020,,24.5888888,"6' 2""",180,R,R,2016,Draft,SEA,70000,Texas Tech,,19191
Chris Mokma,Chris Mokma,Chris-Mokma,MIA,RHP,R,0,29,,40,2023,,18.9833333,"6' 5""",195,R,R,2019,Draft,MIA,557000,Holland Christian HS (MI), ,sa3011750
Sterling Sharp,Sterling Sharp,Sterling-Sharp,MIA,RHP,A-,0,30,,40,2020,,24.6805555,"6' 4""",185,R,R,2016,Draft,WSN,,Drury,,sa738458
Brian Miller,Brian Miller,Brian-Miller,MIA,CF,AA,0,31,,40,2020,,24.4583333,"6' 0""",177,L,R,2017,Draft,MIA,1888800,North Carolina,-r9X5zhHbNQ,sa915826
Victor Victor Mesa,Victor Victor Mesa,Victor-Victor-Mesa,MIA,CF,AA,0,32,,40,2020,,23.5416666,"5' 11""",185,R,R,2018,J2,MIA,5250000,Cuba,K7KQgt1ZsuU,sa3008602
Tommy Henry,Tommy Henry,Tommy-Henry,ARI,LHP,A-,0,21,,40,2023,,22.5166666,"6' 3""",205,L,L,2019,Draft,ARI,825000,Michigan,yyP4LGvLFCU,sa3011673
Dominic Fletcher,Dominic Fletcher,Dominic-Fletcher,ARI,RF,A,0,22,,40,2023,,22.425,"5' 9""",188,L,L,2019,Draft,ARI,700000,Arkansas,,sa1115778
Jeferson Espinal,Jeferson Espinal,Jeferson-Espinal,ARI,CF,R,0,23,,40,2025,,17.6611111,"6' 0""",180,L,L,2018,J2,ARI,200000,Dominican Republic,,sa3008793
Josh Green,Josh Green,Josh-Green,ARI,RHP,AA,0,24,,40,2021,,24.4305555,"6' 3""",210,R,R,2018,Draft,ARI,5000,Southeastern Louisiana,ga8iyYVUctQ,sa3006701
Taylor Widener,Taylor Widener,Taylor-Widener,ARI,RHP,AAA,0,25,,40,2020,,25.2805555,"6' 0""",195,R,R,2016,Draft,NYY,100000,South Carolina,hLU-GJ-aevE,sa918271
Ryne Nelson,Ryne Nelson,Ryne-Nelson,ARI,RHP,A-,0,26,,40,2021,,22.0111111,"6' 3""",175,R,R,2019,Draft,ARI,1100000,Oregon,,sa3011524
Pavin Smith,Pavin Smith,Pavin-Smith,ARI,1B,AA,0,27,,40,2021,,23.9972222,"6' 2""",210,L,L,2017,Draft,ARI,5016300,Virginia,Jn6TUsdpXpc,sa829595
Domingo Leyba,Domingo Leyba,Domingo-Leyba,ARI,2B,MLB,0,28,,40,2020,,24.4,"5' 9""",160,S,R,2012,J2,DET,400000,Dominican Republic,OYwgNhVUC4w,16404
Jorge Barrosa,Jorge Barrosa,Jorge-Barrosa,ARI,CF,A-,0,29,,40,2022,,18.9666666,"5' 9""",155,S,L,2017,J2,ARI,415000,Venezuela,,sa3005524
Buddy Kennedy,Buddy Kennedy,Buddy-Kennedy,ARI,3B,A,0,30,,40,2022,,21.3333333,"6' 1""",190,R,R,2017,Draft,ARI,550000,Millville HS (NJ),BYSPlGnaA_0,sa3004617
Alvin Guzman,Alvin Guzman,Alvin-Guzman,ARI,CF,R,0,31,,40,2024,,18.2916666,"6' 1""",165,R,R,2018,J2,ARI,1850000,Dominican Republic,TJIq3ct8HFM,sa3008748
Jhosmer Alvarez,Jhosmer Alvarez,Jhosmer-Alvarez,ARI,RHP,R,0,32,,40,2022,,18.6,"6' 1""",155,R,R,2017,J2,ARI,65000,Venezuela,iQ-TSJAYUe8,sa3005437
Drew Ellis,Drew Ellis,Drew-Ellis,ARI,3B,AA,0,33,,40,2021,,24.1777777,"6' 3""",220,R,R,2017,Draft,ARI,1560100,Louisville,YWHsAnH4ZVw,sa3004687
Neyfy Castillo,Neyfy Castillo,Neyfy-Castillo,ARI,1B,R,0,34,,40,2022,,18.925,"6' 3""",180,R,R,2017,J2,ARI,600000,Dominican Republic,ZUJ81M8e89Q,sa3005544
Jordan Brewer,Jordan Brewer,Jordan-Brewer,HOU,CF,A-,0,16,,40,2023,,22.5111111,"6' 1""",195,R,L,2019,Draft,HOU,500000,Michigan,,sa3011737
Colin Barber,Colin Barber,Colin-Barber,HOU,CF,R,0,17,,40,2024,,19.1694444,"6' 1""",185,L,L,2019,Draft,HOU,1000000,Pleasant Valley HS (CA),,sa3010696
Grae Kessinger,Grae Kessinger,Grae-Kessinger,HOU,SS,A,0,18,,40,2022,,22.4444444,"6' 2""",195,R,R,2019,Draft,HOU,750000,Ole Miss,,sa3010327
Luis Garcia,Luis Garcia,Luis-Garcia,HOU,RHP,A+,0,19,,40,2021,,23.1444444,"6' 1""",216,R,R,2017,J2,HOU,20000,Venezuela,,sa3005197
Luis Santana,Luis Santana,Luis-Santana,HOU,2B,A-,0,20,,40,2022,,20.5416666,"5' 8""",175,R,R,2016,J2,NYM,200000,Venezuela,,sa921577
Jojanse Torres,Jojanse Torres,Jojanse-Torres,HOU,RHP,A+,0,21,,40,2022,,24.5027777,"6' 2""",175,R,R,2017,J2,HOU,150000,Dominican Republic,,sa3006955
Carlos Sanabria,Carlos Sanabria,Carlos-Sanabria,HOU,RHP,AA,0,22,,40,2020,,23.0305555,"6' 0""",165,R,R,2013,J2,HOU,7000,Venezuela,,sa828581
Cionel Perez,Cionel Perez,Cionel-Perez,HOU,LHP,MLB,0,23,,40,2020,,23.7888888,"5' 11""",170,L,L,2016,J2,HOU,2000000,Cuba,,19614
Ronnie Dawson,Ronnie Dawson,Ronnie-Dawson,HOU,CF,AAA,0,24,,40,2020,,24.7111111,"6' 2""",225,L,R,2016,Draft,HOU,1056800,Ohio State,huklVvyV5rg,sa873674
Dauri Lorenzo,Dauri Lorenzo,Dauri-Lorenzo,HOU,SS,,0,25,,40,2025,,17.2666666,"6' 1""",165,S,R,2019,J2,HOU,1800000,Dominican Republic,3-AlAH2un18,
Manny Ramirez,Manny Ramirez,Manny-Ramirez,HOU,RHP,A-,0,26,,40,2023,,20.2055555,"5' 11""",170,R,R,2017,J2,HOU,50000,Dominican Republic,,sa3004833
Rogelio Armenteros,Rogelio Armenteros,Rogelio-Armenteros,HOU,RHP,MLB,0,27,,40,2020,,25.5972222,"6' 1""",215,R,R,2014,J2,HOU,40000,Cuba,3c8hQmWw8gI,17679
Nivaldo Rodriguez,Nivaldo Rodriguez,Nivaldo-Rodriguez,HOU,RHP,A+,0,28,,40,2021,,22.8027777,"6' 1""",170,R,R,2015,J2,HOU,10000,Venezuela,,sa943525
Garrett Stubbs,Garrett Stubbs,Garrett-Stubbs,HOU,C,MLB,0,29,,40,2020,,26.6916666,"5' 10""",185,L,R,2015,Draft,HOU,100000,USC,,18067
Chas McCormick,Chas McCormick,Chas-McCormick,HOU,RF,AAA,0,30,,40,2020,,24.7944444,"5' 0""",190,R,L,2017,Draft,HOU,1000,Millersville,,sa3004174
Blake Taylor,Blake Taylor,Blake-Taylor,HOU,LHP,AAA,0,31,,35+,2020,,24.4666666,"6' 2""",220,L,L,2013,Draft,NYM,750000,Dana Hills HS (CA),,sa737558
Shawn Dubin,Shawn Dubin,Shawn-Dubin,HOU,RHP,A+,0,32,,35+,2022,,24.4138888,"6' 1""",170,R,R,2018,Draft,HOU,1000,Georgetown College,,sa3007248
Peter Solomon,Peter Solomon,Peter-Solomon,HOU,RHP,A+,0,33,,35+,2021,,23.4694444,"6' 4""",200,R,R,2017,Draft,HOU,420000,Notre Dame,,sa829274
Jairo Lopez,Jairo Lopez,Jairo-Lopez,HOU,RHP,A-,0,34,,35+,2022,,19.2055555,"5' 11""",150,R,R,2017,J2,HOU,300000,Venezuela,,sa3005824
Brett Conine,Brett Conine,Brett-Conine,HOU,RHP,AA,0,35,,35+,2021,,23.3027777,"6' 3""",210,R,R,2018,Draft,HOU,125000,Fullerton,,sa3008024
Juan Pablo Lopez,Juan Pablo Lopez,Juan-Pablo-Lopez,HOU,LHP,A,0,36,,35+,2022,,20.9666666,"6' 4""",170,L,L,2016,J2,HOU,,Mexico,,sa3004647
Julio Robaina,Julio Robaina,Julio-Robaina,HOU,LHP,R,0,37,,35+,2022,,18.8666666,"5' 11""",170,L,L,2017,J2,HOU,220000,Cuba,,sa3006817
Bryan De La Cruz,Bryan De La Cruz,Bryan-De-La-Cruz,HOU,RF,AA,0,38,,35+,2021,,23.1361111,"6' 2""",175,R,R,2013,Draft,HOU,170000,Dominican Republic,,sa828304
Diosmerky Taveras,Diosmerky Taveras,Diosmerky-Taveras,HOU,RHP,R,0,39,,35+,2023,,20.3666666,"6' 3""",180,R,R,2017,J2,HOU,55000,Dominican Republic,,sa3004872
CJ Alexander,CJ Alexander,CJ-Alexander,ATL,3B,AA,0,18,,35+,2021,,23.5,"6' 5""",215,L,R,2018,Draft,ATL,125000,State College JC (FL),GksyNPnlXOo,sa3006912
Jeremy Walker,Jeremy Walker,Jeremy-Walker,ATL,RHP,MLB,0,19,,35+,2019,,24.6,"6' 5""",205,R,R,2016,Draft,ATL,275000,Gardner-Webb,yBx98YOMvO8,19981
Stephen Paolini,Stephen Paolini,Stephen-Paolini,ATL,CF,R,0,20,,35+,2024,,19.2,"6' 2""",195,L,L,2019,Draft,ATL,597500,St. Joseph HS (CT),,sa3010720
Greyson Jenista,Greyson Jenista,Greyson-Jenista,ATL,RF,AA,0,21,,35+,2021,,23.1,"6' 4""",240,L,R,2018,Draft,ATL,1200000,Wichita State,QTE3JNUu3qQ,sa3007044
Bryce Ball,Bryce Ball,Bryce-Ball,ATL,1B,A,0,22,,35+,2022,,21.5,"6' 6""",235,L,R,2019,Draft,ATL,197500,Dallas Baptist,,sa1170451
Ricky DeVito,Ricky DeVito,Ricky-DeVito,ATL,RHP,A,0,23,,35+,2022,,21.4,"6' 2""",166,S,R,2019,Draft,ATL,167500,Seton Hall,,sa1116003
Trey Harris,Trey Harris,Trey-Harris,ATL,LF,AA,0,24,,35+,2021,,24,"5' 10""",215,R,R,2018,Draft,ATL,10000,Missouri,,sa3006876
Patrick Weigel,Patrick Weigel,Patrick-Weigel,ATL,RHP,AAA,0,25,,35+,2019,,25.5,"6' 6""",230,R,R,2015,Draft,ATL,197500,Houston,83Zfm-ph2Wo,sa829466
Philip Pfeifer,Philip Pfeifer,Philip-Pfeifer,ATL,LHP,AAA,0,26,,35+,2020,,27.5,"6' 0""",200,L,L,2015,Draft,LAD,222500,Vanderbilt,,sa602699
Tyler Owens,Tyler Owens,Tyler-Owens,ATL,RHP,R,0,27,,35+,2023,,19,"5' 8""",185,R,R,2019,Draft,ATL,547500,Trinity Catholic HS (FL),,sa3011201
Freddy Valdez,Freddy Valdez,Freddy-Valdez,NYM,RF,R,0,25,,35+,2023,,18.1638888,"6' 3""",215,R,R,2018,J2,NYM,1400000,Dominican Republic,,sa3009190
Ryley Gilliam,Ryley Gilliam,Ryley-Gilliam,NYM,RHP,AAA,0,26,,35+,2021,,23.4833333,"5' 10""",170,R,R,2018,Draft,NYM,550000,Clemson,o82FlqgH6Qw,sa3008225
Desmond Lindsay,Desmond Lindsay,Desmond-Lindsay,NYM,CF,A+,0,27,,35+,2020,,23.0555555,"6' 0""",200,R,R,2015,Draft,NYM,1142700,Out of Door Academy HS (FL),akUuQZG6dnk,sa874792
Walker Lockett,Walker Lockett,Walker-Lockett,NYM,RHP,MLB,0,28,,35+,2019,,25.7555555,"6' 5""",225,R,R,2012,Draft,SDP,393000,Providence HS (FL),,13804
Tylor Megill,Tylor Megill,Tylor-Megill,NYM,RHP,AA,0,29,,35+,2021,,24.5194444,"6' 7""",230,R,R,2018,Draft,NYM,50000,Arizona,,sa3007988
Joander Suarez,Joander Suarez,Joander-Suarez,NYM,RHP,R,0,30,,35+,2023,,19.9388888,"6' 3""",180,R,R,2017,J2,NYM,,Venezuela,,sa3008263
Michel Otanez,Michel Otanez,Michel-Otanez,NYM,RHP,A-,0,31,,35+,2022,,22.5888888,"6' 3""",215,R,R,2016,J2,NYM,35000,Dominican Republic,,sa932611
Chris Murphy,Chris Murphy,Chris-Murphy,BOS,LHP,A-,0,22,,35+,2023,,21.6666666,"6' 1""",175,L,L,2019,Draft,BOS,200000,San Diego,,sa3011431
Eduardo Lopez,Eduardo Lopez,Eduardo-Lopez,BOS,CF,R,0,23,,35+,2024,,17.7416666,"6' 0""",170,S,R,2018,J2,BOS,1150000,Dominican Republic,yqlFaXHReE4,sa3009275
Marcus Wilson,Marcus Wilson,Marcus-Wilson,BOS,CF,AA,0,24,,35+,2021,,23.4722222,"6' 3""",175,R,R,2014,Draft,ARI,1000000,Junipero Serra HS (CA),,sa828703
Juan Chacon,Juan Chacon,Juan-Chacon,BOS,CF,,0,25,,35+,2024,,17.1694444,"6' 2""",170,R,R,2019,J2,BOS,900000,Venezuela,,
Andrew Politi,Andrew Politi,Andrew-Politi,BOS,RHP,A+,0,26,,35+,2022,,23.6694444,"6' 0""",191,R,R,2018,Draft,BOS,25000,Seton Hall,,sa3007243
Durbin Feltman,Durbin Feltman,Durbin-Feltman,BOS,RHP,AA,0,27,,35+,2020,,22.7972222,"6' 1""",190,R,R,2018,Draft,BOS,559600,TCU,l9o5I-rLP60,sa3007959
Ryan Zeferjahn,Ryan Zeferjahn,Ryan-Zeferjahn,BOS,RHP,A-,0,28,,35+,2022,,21.9305555,"6' 4""",216,R,R,2019,Draft,BOS,500000,Kansas,,sa3011217
Naysbel Marcano,Naysbel Marcano,Naysbel-Marcano,BOS,C,R,0,29,,35+,2024,,17.7,"6' 0""",175,R,R,2018,J2,BOS,350000,Venezuela,,sa3008804
Aldo Ramirez,Aldo Ramirez,Aldo-Ramirez,BOS,RHP,A-,0,30,,35+,2023,,18.7472222,"6' 0""",180,R,R,2017,J2,BOS,450000,Mexico,,sa3005371
Albert Feliz,Albert Feliz,Albert-Feliz,BOS,LF,R,0,31,,35+,2024,,17.8111111,"6' 2""",220,R,R,2018,J2,BOS,400000,Dominican Republic,,sa3008799
Jorge Rodriguez,Jorge Rodriguez,Jorge-Rodriguez,BOS,LHP,A-,0,32,,35+,2023,,19.4444444,"5' 11""",170,L,L,2017,J2,BOS,37500,Mexico,,sa3006074
Yoan Aybar,Yoan Aybar,Yoan-Aybar,BOS,LHP,A+,0,33,,35+,2021,,22.5888888,"6' 2""",165,L,L,2013,J2,BOS,450000,Dominican Republic,,sa829086
Eduardo Vaughan,Eduardo Vaughan,Eduardo-Vaughan,BOS,RF,R,0,34,,35+,2024,,18.0638888,"6' 3""",160,R,R,2018,J2,BOS,550000,Panama,,sa3008810
Luis Perales,Luis Perales,Luis-Perales,BOS,RHP,,0,35,,35+,2025,,16.8083333,"6' 1""",168,R,R,2019,J2,BOS,75000,Venezuela,,
Patrick Romeri,Patrick Romeri,Patrick-Romeri,STL,RF,R,0,25,,35+,2023,,18.6,"6' 3""",195,R,R,2019,Draft,STL,200000,IMG Academy HS (FL),,sa3010723
Andre Pallante,Andre Pallante,Andre-Pallante,STL,RHP,A-,0,26,,35+,2023,,21.3805555,"6' 0""",203,R,R,2019,Draft,STL,455600,UC Irvine,,sa3011186
Adanson Cruz,Adanson Cruz,Adanson-Cruz,STL,RF,R,0,27,,35+,2023,,19.3305555,"6' 2""",175,R,R,2017,J2,STL,300000,Dominican Republic, ,sa3005722
Steven Gingery,Steven Gingery,Steven-Gingery,STL,LHP,R,0,28,,35+,2020,,22.3472222,"6' 2""",220,R,L,2018,Draft,STL,825000,Texas Tech, ,sa3011747
Jesus Cruz,Jesus Cruz,Jesus-Cruz,STL,RHP,AAA,0,29,,35+,2020,,24.8055555,"6' 1""",225,R,R,2017,J2,STL,,Mexico,,sa3001066
Justin Williams,Justin Williams,Justin-Williams,STL,LF,MLB,0,30,,35+,2019,,24.4583333,"6' 2""",215,L,R,2013,Draft,ARI,1050000,Terrebonne HS (LA),qBdkDD7U1B4,15490
Griffin Roberts,Griffin Roberts,Griffin-Roberts,STL,RHP,A+,0,31,,35+,2019,,23.6444444,"6' 3""",215,R,R,2018,Draft,STL,1664200,Wake Forest, ,sa3008483
Connor Jones,Connor Jones,Connor-Jones,STL,RHP,AAA,0,32,,35+,2019,,25.3194444,"6' 3""",215,R,R,2016,Draft,STL,1100000,Virginia,PQOEcwWo-Xc,sa738697
Edgardo Rodriguez,Edgardo Rodriguez,Edgardo-Rodriguez,STL,C,R,0,33,,35+,2023,,19.1833333,"6' 0""",207,R,R,2017,J2,TBR,,Venezuela,,sa3005532
Rodard Avelino,Rodard Avelino,Rodard-Avelino,STL,RHP,A,0,34,,35+,2024,,20.6722222,"6' 1""",180,R,R,2016,J2,STL,45000,Dominican Republic,,sa3003040
Christian Koss,Christian Koss,Christian-Koss,COL,SS,R,0,27,,35+,2022,,22.0222222,"6' 1""",182,R,R,2019,Draft,COL,180000,UC Irvine,,sa3011227
Breiling Eusebio,Breiling Eusebio,Breiling-Eusebio,COL,LHP,A-,0,28,,35+,2021,,23.2888888,"6' 1""",175,L,L,2013,J2,COL,100000,Dominican Republic,_6e6_k8YR2U,sa828552
Ronaiker Palma,Ronaiker Palma,Ronaiker-Palma,COL,C,R,0,29,,35+,2023,,20.0916666,"5' 9""",160,R,R,2017,J2,COL,180000,Venezuela,,sa3005624
Robert Tyler,Robert Tyler,Robert-Tyler,COL,RHP,A+,0,30,,35+,2020,,24.6305555,"6' 4""",225,R,R,2016,Draft,COL,1701600,Georgia,,sa738415
Keider Montero,Keider Montero,Keider-Montero,DET,RHP,A-,0,27,,35+,2023,,19.5805555,"6' 1""",175,R,R,2016,J2,DET,,Venezuela,,sa3002956
Kyle Funkhouser,Kyle Funkhouser,Kyle-Funkhouser,DET,RHP,AAA,0,28,,35+,2020,,25.8861111,"6' 2""",220,R,R,2016,Draft,DET,750000,Louisville,j-b1ZwTMYNY,sa827397
Elvin Rodriguez,Elvin Rodriguez,Elvin-Rodriguez,DET,RHP,AAA,0,29,,35+,2021,,21.8472222,"6' 3""",170,R,R,2014,J2,LAA,70000,Dominican Republic,,sa873437
Andre Lipcius,Andre Lipcius,Andre-Lipcius,DET,3B,A,0,30,,35+,2023,,21.7027777,"6' 1""",190,R,R,2019,Draft,DET,733100,Tennessee,,sa3010401
Rony Garcia,Rony Garcia,Rony-Garcia,DET,RHP,AA,0,31,,35+,2020,,22.1277777,"6' 3""",200,R,R,2015,J2,NYY,100000,Dominican Republic,,sa918036
Jason Foley,Jason Foley,Jason-Foley,DET,RHP,AAA,0,32,,35+,2020,,24.2611111,"6' 4""",215,R,R,2016,Draft,DET,,Sacred Heart,,sa915677
Sergio Alcantara,Sergio Alcantara,Sergio-Alcantara,DET,SS,AA,0,33,,35+,2020,,23.5694444,"5' 9""",170,S,R,2012,J2,ARI,700000,Dominican Republic,,sa739641
Wladimir Pinto,Wladimir Pinto,Wladimir-Pinto,DET,RHP,AA,0,34,,35+,2021,,21.9805555,"5' 11""",180,R,R,2014,J2,DET,30000,Venezuela,,sa871482
Will Vest,Will Vest,Will-Vest,DET,RHP,A+,0,35,,35+,2020,,24.6638888,"6' 0""",180,R,R,2017,Draft,DET,100000,Stephen F. Austin,,sa3004101
Carlos Guzman,Carlos Guzman,Carlos-Guzman,DET,RHP,AAA,0,36,,35+,2022,,21.7194444,"6' 0""",185,R,R,2014,J2,DET,8000,Venezuela,,sa871477
Paul Richan,Paul Richan,Paul-Richan,DET,RHP,A+,0,37,,35+,2022,,22.8583333,"6' 2""",200,R,R,2018,Draft,CHC,450000,San Diego,,sa3008025
Sam McMillan,Sam McMillan,Sam-McMillan,DET,C,A,0,38,,35+,2023,,21.1777777,"6' 1""",195,R,R,2017,Draft,DET,1000000,Suwanee HS (FL),,sa3004277
Angel De Jesus,Angel De Jesus,Angel-De-Jesus,DET,RHP,A+,0,39,,35+,2021,,22.9777777,"6' 4""",200,R,R,2016,J2,DET,,Dominican Republic,,sa921876
Luke Raley,Luke Raley,Luke-Raley,MIN,1B,R,0,35,,35+,2020,,25.3777777,"6' 4""",235,L,R,2016,Draft,LAD,147500,Lake Erie College,,sa918048
Nick Gordon,Nick Gordon,Nick-Gordon,MIN,SS,AAA,0,36,,35+,2020,,24.2805555,"6' 2""",175,L,R,2014,Draft,MIN,3851000,Olympia HS (FL),bXiuMCdQJP4,sa828662
Willie Joe Garry Jr.,Willie Joe Garry Jr,Willie-Joe-Garry-Jr,MIN,CF,R,0,37,,35+,2023,,19.6833333,"6' 1""",170,L,L,2018,Draft,MIN,225000,Pascagoula HS (MS),,sa3007065
Chris Vallimont,Chris Vallimont,Chris-Vallimont,MIN,RHP,A+,0,38,,35+,2023,,22.8805555,"6' 5""",220,R,R,2018,Draft,MIA,300000,Mercyhurst,,sa3008026
Seth Gray,Seth Gray,Seth-Gray,MIN,3B,A,0,39,,35+,2023,,21.6805555,"6' 3""",205,L,R,2019,Draft,MIN,483000,Wright State,,sa1115752
Bailey Ober,Bailey Ober,Bailey-Ober,MIN,RHP,AA,0,40,,35+,2021,,24.5638888,"6' 9""",260,R,R,2017,Draft,MIN,125000,College of Charleston,,sa918555
Caleb Hamilton,Caleb Hamilton,Caleb-Hamilton,MIN,C,AA,0,41,,35+,2020,,25,"6' 0""",185,R,R,2016,Draft,MIN,,Oregon State,,sa738961
Charles Mack,Charles Mack,Charles-Mack,MIN,C,R,0,42,,35+,2023,,20.2305555,"5' 11""",190,L,R,2018,Draft,MIN,500000,Williamsville East HS (NY),,sa3008250
Zach Watson,Zach Watson,Zach-Watson,BAL,CF,A,0,25,,35+,2022,,22.6111111,"6' 0""",166,S,R,2019,Draft,BAL,780400,LSU,,sa3011258
Joseph Ortiz,Joseph Ortiz,Joseph-Ortiz,BAL,SS,A-,0,26,,35+,2023,,21.5583333,"5' 11""",175,R,R,2019,Draft,BAL,450000,New Mexico State,oLEMiIO78pw,sa3009889
Maverick Handley,Maverick Handley,Maverick-Handley,BAL,C,A-,0,27,,35+,2023,,21.9027777,"5' 11""",205,R,R,2019,Draft,BAL,250000,Stanford,,sa3010848
Marcos Diplan,Marcos Diplan,Marcos-Diplan,BAL,RHP,AA,0,28,,35+,2020,,23.3805555,"6' 0""",170,R,R,2013,J2,TEX,1300000,Dominican Republic,FoG4Cw6p5B0,sa828590
Michael Rucker,Michael Rucker,Michael-Rucker,BAL,RHP,AAA,0,29,,35+,2020,,25.7722222,"6' 1""",195,R,R,2016,Draft,CHC,180000,BYU,,sa919117
Cody Carroll,Cody Carroll,Cody-Carroll,BAL,RHP,MLB,0,30,,35+,2020,,27.3055555,"6' 5""",210,R,R,2015,Draft,NYY,70000,Southern Mississippi,,17664
Blaine Knight,Blaine Knight,Blaine-Knight,BAL,RHP,A+,0,31,,35+,2022,,23.6027777,"6' 3""",170,R,R,2018,Draft,BAL,1100000,Arkansas,,sa3008532
Isaac Mattson,Isaac Mattson,Isaac-Mattson,BAL,RHP,AAA,0,32,,35+,2021,,24.5583333,"6' 2""",205,R,R,2017,Draft,LAA,100000,Pittsburgh,,sa915667
Lamar Sparks,Lamar Sparks,Lamar-Sparks,BAL,CF,R,0,33,,35+,2022,,21.3583333,"6' 2""",170,R,R,2017,Draft,BAL,304800,Seven Lakes HS (TX),,sa3004932
Brenan Hanifee,Brenan Hanifee,Brenan-Hanifee,BAL,RHP,A+,0,34,,35+,2021,,21.6833333,"6' 5""",180,R,R,2016,Draft,BAL,500000,Ashby HS (VA),,sa917973
Brett Cumberland,Brett Cumberland,Brett-Cumberland,BAL,DH,AA,0,35,,35+,2020,,24.6111111,"6' 0""",188,S,R,2016,Draft,ATL,1500000,Cal,5G6gKGKiphs,sa915611
Ofelky Peralta,Ofelky Peralta,Ofelky-Peralta,BAL,RHP,A+,0,36,,35+,2021,,22.7916666,"6' 5""",195,R,R,2013,J2,BAL,325000,Dominican Republic,,sa828239
Andrew Daschbach,Andrew Daschbach,Andrew-Daschbach,BAL,RF,A-,0,37,,35+,2023,,22.2861111,"6' 3""",220,R,R,2019,Draft,BAL,250000,Stanford,AR8uCwo3MwM,sa3011414
Zach Peek,Zach Peek,Zach-Peek,BAL,RHP,,0,38,,35+,2022,,21.7472222,"6' 3""",205,R,R,2019,Draft,LAA,267800,Winthrop,,
Jake Zebron,Jake Zebron,Jake-Zebron,BAL,RHP,R,0,39,,35+,2023,,20.0027777,"6' 3""",180,R,R,2018,Draft,BAL,125000,Colonel Richardson HS (MD),,sa3007250
Felix Bautista,Felix Bautista,Felix-Bautista,BAL,RHP,A,0,40,,35+,2021,,24.625,"6' 5""",220,R,R,2012,J2,MIA,18000,Dominican Republic,,sa737480
Trevor McDonald,Trevor McDonald,Trevor-McDonald,SFG,RHP,R,0,29,,35+,2024,,18.7,"6' 2""",180,R,R,2019,Draft,SFG,800000,George County HS (MS),,sa3011835
Grant McCray,Grant McCray,Grant-McCray,SFG,CF,R,0,30,,35+,2024,,19,"6' 1""",175,L,R,2019,Draft,SFG,697500,Lakewood Ranch HS (FL),,sa3010042
Esmerlin Vinicio,Esmerlin Vinicio,Esmerlin-Vinicio,SFG,LHP,,0,31,,35+,2025,,16.8,"6' 2""",155,L,L,2019,J2,SFG,750000,Dominican Republic,,
Logan Wyatt,Logan Wyatt,Logan-Wyatt,SFG,1B,A,0,32,,35+,2023,,22,"6' 4""",217,L,R,2019,Draft,SFG,1000000,Louisville,,sa3011259
Raffi Vizcaino,Raffi Vizcaino,Raffi-Vizcaino,SFG,RHP,AA,0,33,,35+,2020,,24,"6' 2""",235,R,R,2011,J2,SFG,200000,Dominican Republic,,sa736742
Tyler Fitzgerald,Tyler Fitzgerald,Tyler-Fitzgerald,SFG,SS,A,0,34,,35+,2023,,22.2,"6' 3""",185,R,R,2019,Draft,SFG,497500,Louisville,,sa3011257
Garrett Frechette,Garrett Frechette,Garrett-Frechette,SFG,1B,R,0,35,,35+,2024,,18.9,"6' 3""",200,L,L,2019,Draft,SFG,800000,Cathedral Catholic HS (CA),,sa3010636
Connor Cannon,Connor Cannon,Connor-Cannon,SFG,DH,A-,0,36,,35+,2023,,21.5,"6' 5""",240,R,R,2019,Draft,SFG,100000,UC Riverside,,sa3010010
Roismar Quintana,Roismar Quintana,Roismar-Quintana,WSN,RF,,0,16,,35+,2023,,16.9972222,"6' 0""",205,R,R,2019,J2,WSN,820000,Venezuela,,
Jackson Cluff,Jackson Cluff,Jackson-Cluff,WSN,SS,A,0,17,,35+,2022,,23.1722222,"6' 0""",185,L,R,2019,Draft,WSN,200000,BYU,,sa3010342
Raudy Read,Raudy Read,Raudy-Read,WSN,C,MLB,0,18,,35+,2020,,26.2666666,"6' 0""",215,R,R,2010,J2,WSN,130000,Dominican Republic,,15766
James Bourque,James Bourque,James-Bourque,WSN,RHP,MLB,0,19,,35+,2020,,26.5722222,"6' 4""",190,R,R,2014,Draft,WSN,,Michigan,,16668
Tyler Dyson,Tyler Dyson,Tyler-Dyson,WSN,RHP,A-,0,20,,35+,2023,,22.1138888,"6' 3""",225,R,R,2019,Draft,WSN,500000,Florida,,sa3011432
Reid Schaller,Reid Schaller,Reid-Schaller,WSN,RHP,A,0,21,,35+,2021,,22.8416666,"6' 3""",210,R,R,2018,Draft,WSN,555100,Vanderbilt,AMMKtTnWjrU,sa3008023
Ian Lewis,Ian Lewis,Ian-Lewis,MIA,2B,,0,33,,35+,2025,,17.0027777,"5' 10""",150,S,R,2019,J2,MIA,950000,Bahamas,,
Will Stewart,Will Stewart,Will-Stewart,MIA,LHP,A+,0,34,,35+,2021,,22.5583333,"6' 2""",175,L,L,2015,Draft,PHI,100000,Hazel Green HS (AL),,sa875247
Humberto Mejia,Humberto Mejia,Humberto-Mejia,MIA,RHP,A+,0,35,,35+,2020,,22.9222222,"6' 3""",175,R,R,2013,J2,MIA,,Panama,,sa873725
Cristhian Rodriguez,Cristhian Rodriguez,Cristhian-Rodriguez,MIA,3B,R,0,36,,35+,2024,,18.1166666,"6' 1""",160,L,R,2018,J2,MIA,300000,Venezuela,,sa3008785
Dalvy Rosario,Dalvy Rosario,Dalvy-Rosario,MIA,SS,A-,0,37,,35+,2023,,19.5361111,"6' 0""",160,R,R,2016,J2,MIA,,Dominican Republic,,sa3005712
Thomas Jones,Thomas Jones,Thomas-Jones,MIA,CF,A,0,38,,35+,2022,,22.1555555,"6' 4""",195,R,R,2016,Draft,MIA,1000000,Laurens HS (SC),,sa917968
Luis Palacios,Luis Palacios,Luis-Palacios,MIA,LHP,R,0,39,,35+,2023,,19.5944444,"6' 2""",160,L,L,2016,J2,MIA,75000,Venezuela,,sa3003021
Nick Fortes,Nick Fortes,Nick-Fortes,MIA,C,A+,0,40,,35+,2021,,23.2333333,"6' 0""",210,R,R,2018,Draft,MIA,425000,Ole Miss,,sa3006714
Tristan Pompey,Tristan Pompey,Tristan-Pompey,MIA,LF,A+,0,41,,35+,2021,,22.8666666,"6' 4""",200,S,R,2018,Draft,MIA,645000,Kentucky,,sa3008077
Glenallen Hill Jr.,Glenallen Hill Jr,Glenallen-Hill-Jr,ARI,2B,R,0,35,,35+,2024,,19.3472222,"5' 9""",170,S,R,2019,Draft,ARI,850000,Santa Cruz HS (CA),dwuj-C-v-mE,sa3010335
Kevin Ginkel,Kevin Ginkel,Kevin-Ginkel,ARI,RHP,MLB,0,36,,35+,2020,,25.8638888,"6' 4""",210,R,R,2016,Draft,ARI,,Arizona,,19876
Junior Mieses,Junior Mieses,Junior-Mieses,ARI,RHP,R,0,37,,35+,2022,,20.3055555,"6' 1""",170,r,R,2016,J2,ARI,,Dominican Republic,DiKVaPmUXhM,sa3005258
Matt Peacock,Matt Peacock,Matt-Peacock,ARI,RHP,AA,0,38,,35+,2020,,25.9388888,"6' 1""",225,R,R,2017,Draft,ARI,2500,South Alabama,,sa3004019
Matt Mercer,Matt Mercer,Matt-Mercer,ARI,RHP,R,0,39,,35+,2022,,23.4277777,"6' 1""",185,R,R,2018,Draft,ARI,314800,Oregon,zttD1tIJuIo,sa3007837
Conor Grammes,Conor Grammes,Conor-Grammes,ARI,RHP,A-,0,40,,35+,2023,,22.5444444,"6' 1""",195,R,R,2019,Draft,ARI,300000,Xavier,jLQYd_HdUvk,sa3011651
Eduardo Herrera,Eduardo Herrera,Eduardo-Herrera,ARI,RHP,A-,0,41,,35+,2023,,20.0833333,"5' 9""",165,R,R,2016,J2,ARI,150000,Venezuela,,sa3002702
Jake McCarthy,Jake McCarthy,Jake-McCarthy,ARI,LF,A+,0,42,,35+,2021,,22.5138888,"6' 2""",195,L,L,2018,Draft,ARI,1650000,Virginia,DRDL4LJf3QM,sa3007015
Bobby Ay,Bobby Ay,Bobby-Ay,ARI,RHP,R,0,43,,35+,2023,,22.6861111,"6' 3""",190,R,R,2019,Draft,ARI,100000,Cal Poly,,sa3011535
West Tunnell,West Tunnell,West-Tunnell,ARI,RHP,AA,0,44,,35+,2020,,26.2083333,"6' 1""",195,R,R,2016,Draft,ARI,,Baylor,,sa3002749
Eduardo Diaz,Eduardo Diaz,Eduardo-Diaz,ARI,CF,A+,0,45,,35+,2022,,22.5444444,"6' 2""",175,R,R,2015,J2,ARI,10000,Venezuela,,sa917182
Avery Short,Avery Short,Avery-Short,ARI,LHP,A-,0,46,,35+,2023,,18.8916666,"5' 11""",205,R,L,2019,Draft,ARI,922500,Southport HS (IN),4IfeTWEtU-g,sa3011712
Edinson Soto,Edinson Soto,Edinson-Soto,ARI,RHP,R,0,47,,35+,2022,,23.3833333,"6' 4""",190,R,R,2018,J2,ARI,,Dominican Republic,,sa3009831